Arm01	TGTGTGTCTATATATC(1)CATA(16)CACATGTATATATAT(1)	1318	0	1318	
Arm01	TGTGTGTCTATATATC(1)CATA(19)CACATGTATATATAT(1)	785	0	785	
Arm03	TTTTCTCTTTCCAATCGTTCAACGCAAACAAATTACAGGTAGAAACAAAAACCCTAATTCTCCATCATCATCATCATCGTTCTCGCATT(1)TACA(7)CATATATATT(1)TACA(1)	2159	0	2159	
Arm03	Other sequences	166	0	166	
Arm04	Other sequences	1704	0	1704	
Arm04	AGTTGTGAGTTAAATCAATCAAAAACCAAAAATACAGATGAAGTGAATCGTTTAATTGATACTATCGAATGGATTAGAATAGTCGGATGCTTGAATCATGACACAATGATTCAGT(1)CATA(17)CACT(1)	1279	0	1279	
Arm06	CCTTATTGCTAGTTCTCATGTTCCCCATACAGGTACGATG(1)ACAT(8)TTTAATATATGTAAAGTTCATTTAGAAAATGTTCTATCTTTTGGAAACAGACACTGGTTATCAGTAATATGCAAAGAAT(1)	1918	0	1918	
Arm06	Other sequences	121	0	121	
Arm07	Other sequences	6	0	6	
Arm07	TTTGTAGGTATAATCACGCATAATAAT(1)TATG(1)AAAC(1)AT(5)C(1)TATG(9)GTTTTCTGTGAATAATCGCACATTACTATCACACAACGTAGATATAAAATTAAACAAATACATATTGTAATCACGCCTAGTATAATAGCGTTATAAAAATAAA(1)	3	0	3	
Arm08	CATGGCTGCCACACCCACTTCTTAAACCATCATCATTTTCATGT(1)TGTA(4)TGATTGATGATGCATGAGATA(1)	3341	0	3341	
Arm08	CATGGCTGCCACACCCACTTCTTAAACCATCATCATTTTCATGT(1)TGTA(8)TGATTGATGATGCATGAGATA(1)	432	0	432	
Arm11	ATATGTTGTGACTG(1)GT(9)GAACTGATGGGTGATCATTTGGTGTCAACTTCACAGATGACTGAAAGATTCCAAGAAGGAAAATCTGCAGGATTGGAA(1)	1695	0	1695	
Arm11	ATATGTTGTGACTG(1)GT(9)GAACTGATGGTTGATCATTTGGTGTCAACTTCACAGATGACTGAAAGATTCCAAGAAGGAAAATCTGCAGGATTGGAA(1)	1204	0	1204	
