Arm01	TGTGTGTCTATATATC(1)CATA(11)CACATGTATATATAT(1)	21	21	0	
Arm01	Other sequences	10	10	0	
Arm02	AATGGAGGGCCCACTGTACCGCTCATTGATAATTCATTTGGTTGTGCAACAAATGAGCCAGCACAACTTTCTGTTAAACC(1)TACA(4)T(1)TACA(1)AAGT(1)TACA(1)AACAACTAACTACTAAT(1)	1266	1266	0	
Arm02	Other sequences	97	97	0	
Arm03	No data	0	0	0	
Arm04	AGTTGTGAGTTAAATCGATCAAAAACCAAA(1)CATA(1)CAGATTAAGTGAATCGTTTAATTGATACTATCGAATGGATTAGAATAGTCGGATGCTTGAATCATGACACACACACACACACACT(1)	24	24	0	
Arm04	AGTTGTGAGTTAAATCGATCAAAAACCAAA(1)CATA(1)CAGATTAAGTGAATCGTTTAATTGATACTATCGAATGGATTAGAATAGTCGGATGCTTGAATCATGACACACACACACACACT(1)	8	8	0	
Arm05	ATTATTCGAACTGAATTC(1)AACA(6)TACCTAGGTAAAATACCACTTGAACTACTAGGGTTTGGGGAGAGTGAGATGAGGGCAAACCTTACCTCTATCTCATGGGATAAAGAGACTGCTC(1)	6	6	0	
Arm05	Other sequences	1	1	0	
Arm06	Other sequences	1	1	0	
Arm07	No data	0	0	0	
Arm08	CATGGCTGCCACACCCACTTCTTAAACCATCATCATTTTCATGT(1)TGTA(8)TGATTGATGATGCATGAGATA(1)	88	88	0	
Arm08	Other sequences	8	8	0	
Arm09	AATAGGTTCTTATT(1)TATG(6)TGGTGAATGTACAAGGAAAAACAAGCTTAGTAAGGACAACGAATTATATCAGATCATAAAAGTTCTTCCAATATCATGTTCTTTTAAGTCTATTTCGACAGAAAACCAAAAAATGTTTTTCTCCTCATGGCTTTGTTTCTACTT(1)	48	48	0	
Arm09	Other sequences	3	3	0	
Arm10	ACGCCCAAAAGGTTCTTGCTACTTGCACTATATCACATTATATGTGCGTGTA(1)CATA(18)TATA(1)CATA(1)GTGTAGATTT(1)	16	16	0	
Arm10	Other sequences	8	8	0	
Arm11	ATATGTTGTGACTG(1)GT(9)GAACTGATGGGTGATCATTTGGTGTCAACTTCACAGATGACTGAAAGATTCCAAGAAGGAAAATCTGCAGGATTGGAA(1)	610	610	0	
Arm11	Other sequences	73	73	0	
Armo01	TTGCTTCTTCTCTTTATAGATGTCTACAC(1)AG(10)CTAGTAGGAGGTGAACCCAAAATGGTAACCCGCGTTTTAA(1)	24	24	0	
Armo01	Other sequences	4	4	0	
Armo02	G(1)	7	7	0	
Armo03	AAGCCTGGTACACCTCCTCCAGGTCCAGGTCCAGGTCCAGGTCCATGGCTCGACAGGTATGGAACCCATGTGGGCTTTTCTGATTCCGGTTATGGTTCAGGTTGGGTTCTTAAATTGACTGTTTTGACTGCAGGTTGAAGAAGGTGGATGGC(1)	71	71	0	
Armo03	AAGCCTGGTACACCTCCTCCAGGTCCAGGTCCAGGTCCAGGTCCAGGTCTCCAGGTCCATGGCTCGACAGGTATGGAACCCATGTGGGCTTTTCTGATTCCGGTTATGGTTCAGGTTGGGTTCTTAAATTGACTGTTTTGACTGCAGGTTGAAGAAGGTGGATGGC(1)	43	43	0	
Am-AG-1	ACTTTAGTTTCTTTGGATCAGGAGCAAAAGTAAACCCTAGATGAATATGTAAGGAGGATCACAAGAAGCAGAAGCACAATTATATGCACCAAAA(1)AG(2)GAATAGTTAAAGTATGTTTA(1)AAGG(2)GGGG(1)AG(7)ATTATGTGAATGGGAGGAAATTTG(1)	1268	1268	0	
Am-AG-1	Other sequences	164	164	0	
Am-AG-10	CCAAATGAAACAATCGGAAATCCTAAAC(1)AG(3)AAATCT(1)AG(5)AAAGGCATAAATTT(1)AG(10)ATGAACAGA(1)	653	653	0	
Am-AG-10	CCAAATGAAACAATCGGAAATCCTAAAC(1)AG(3)AAATCT(1)AG(5)AAAGGCATAAATTT(1)AG(15)ATGAACAGA(1)	188	188	0	
Am-AG-4B	TTTGAAGGTTTTTCTTCG(1)AG(2)CA(1)AG(11)CGCGCGTGTGTCAAATAAGGACAAAAATTGACTTTATATGAAAATTTGACCAAAAACAAGAAAAATGGCTAAGTATAGAA(1)	104	104	0	
Am-AG-4B	TTTGAAGGTTTTTCTTCG(1)AG(2)CA(1)AG(12)CGCGCGTGTGTCAAATAAGGACAAAAATTGACTTTATATGAAAATTTGACCAAAAACAAGAAAAATGGCTAAGTATAGAA(1)	55	55	0	
Am-AG-11	TCACCCTAGGATTAACCTAATAAATTTTCAGACATTTGAGATGCAGCGTTGCTTAAATATATCTTCTCTCTTCCATCACGGAGAAAATTTCTATGAATATACAGTGAATCGG(1)AG(7)ATGGAGGGATGGCAATAGCGAAAGTGTGTACCGTACAGGAGGGAGAGAGAGA(1)	1073	1073	0	
Am-AG-11	Other sequences	138	138	0	
Am-CT-5	TCATAATTGCTTCCCTTTAT(1)CT(9)CATACAAACGCCACCGCCCTCGGTCATTATTACTTTCCATTGTCTTCTTC(1)	30	30	0	
Am-CT-5	Other sequences	8	8	0	
Am-ATC-3	CTTGCTTCTATATATTGGAGAAAACATTTTCGCTGCAACTTTTTTTCATCT(1)ATC(2)T(1)ATC(7)TGTTACCAGGCAAAAGCTGATGAAATTGCAAAGCTGATGCATGA(1)	836	836	0	
Am-ATC-3	CTTGCTTCTATATATTGGAGAAAACATTTTCGCTGCAACTTTTTTTCATCT(1)ATC(2)T(1)ATC(8)TGTTACCAGGCAAAAGCTGATGAAATTGCAAAGCTGATGCATGA(1)	586	586	0	
Am-CT-2	GTTACAATCAAGAAGATGACTACAGAAGTCAAACGCAGCCCAAAGAATCTGAAATGCTTCAACTTTGACAGCTCCATTTCATTTCAGACAATCAAAAAATTCAATCAATTTGAACAAAATTCAGGCATTTCATGTACTCAAA(1)CT(9)TCACACAAAATAAGAATTTATTGTGGAATTTGGATGCATATCCCGTGACGAAATAAGAAA(1)	582	582	0	
Am-CT-2	GTTACAATCAAGAAGATGACTACAGAAGTCAAACGCAGCCCAAAGAATCTGAAATGCTTCAACTTTGACAGCTCCATTTCATTTCAGACAATCAAAAAATTCAATCAATTTGAACAAAATTCAGGCATTTCATGTACTCAAA(1)CT(10)TCACACAAAATAAGAATTTATTGTGGAATTTGGATGCATATCCCGTGACGAAATAAGAAA(1)	365	365	0	
Am-AG-2B	TGTGTATA(1)AG(2)ACAGTCAT(1)	82	82	0	
Am-AG-2B	TGGCCTATATTCAACATCTAATTATTTATTCAACATCTAATAGTCGCTTTGAAAACAATGAGA(1)AG(8)TAGCGTATTTGATACGCAAGCACAACACATGTGTCGAAATATCATTTGCACCCATTATGAACAGTGCCTAA(1)	56	56	0	
Am-ATC-2	TCTCCTACCATACAAGCGCCTCTCTGCGCTAGTCGAGCTTGCCCAAACTTCCATTTGTAGTTGTCGTTTGTCTCTTTTT(1)	80	80	0	
Am-ATC-2	AACCTACAAT(1)ATC(7)ATAAAATGCAGCAGAGTCAGAAATAAGGAGTGTTTCGTTTGAGGGTATGGATTTTATAGTGTTTAAGTACAAGGGAATGGTGTCGGTGCCCATAAAATTGGGAATCCTCCATACCCACTATTCCACTAAACACGTTAGGTTTATAAATCCATA(1)	71	71	0	
