Arm01	TGTGTGTCTATATATC(1)CATA(16)CACATGTATATATAT(1)	393	0	393	
Arm01	TGTGTGTCTATATATC(1)CATA(14)AATACACATGTATATATAT(1)	109	0	109	
Arm02	AATGGAGGGCCCACTGTACCGCTCATTGATAATTCATTTGGTTGTGCAACAAATGAGCCAGCACAACTTTCTGTTAAACC(1)TACA(8)CAAAGT(1)TACA(1)AACAACTAACTACTAAT(1)	451	0	451	
Arm02	AATGGAGGGCCCACTGTACCGCTCATTGATAATTCATTTGGTTGTGCAACAAATGAGCCAGCACAACTTTCTGTTAAACC(1)TACA(12)CAAAGT(1)TACA(1)AACAACTAACTACTAAT(1)	249	0	249	
Arm03	Other sequences	2	0	2	
Arm04	Other sequences	2	0	2	
Arm04	AGTTGTGAGTTAAATCAATCAAAAACCAAAAATACAGATGAAGTGAATCGTTTAATTGATACTATCGAATGGATTAGAATAGTCGGATGCTTGAATCATGACACAATGATTCAGT(1)CATA(15)CACT(1)	2	0	2	
Arm05	ATTATTCGAACTGAATTC(1)AACA(7)TACCTAGGTAAAATACCACTTGAACTACTAGGGTTTGTGGAGAGTGAGATGAGGGCAAACCTTACCTCTATCTCATGGGATAAAGAGACTGCTC(1)	3	0	3	
Arm05	Other sequences	1	0	1	
Arm06	Other sequences	2	0	2	
Arm07	No data	0	0	0	
Arm08	Other sequences	1	0	1	
Arm09	Other sequences	3	0	3	
Arm10	ACGCCCAAAAGGTTCTTGCTACTTGCACTATATCACATTATATGTGCGTGTA(1)CATA(11)TATA(1)CATA(1)GTGTAGATTT(1)	187	0	187	
Arm10	ACGCCCAAAAGGTTCTTGCTACTTGCACTATATCACATTATATGTGCGTGTA(1)CATA(4)TATA(1)CATA(1)GTGTAGATTT(1)	33	0	33	
Arm11	ATATGTTGTGACTG(1)GT(9)GAACTGATGGGTGATCATTTGGTGTCAACTTCACAGATGACTGAAAGATTCCAAGAAGGAAAATCTGCAGGATTGGAA(1)	4	0	4	
Arm11	Other sequences	1	0	1	
Armo01	Other sequences	3	0	3	
Armo02	No data	0	0	0	
Armo03	AAGCCTGGTACACCTCCTCCAGGTCCAGGTCCAGGTCCAGGTCCAGGTCTCCAGGTCCATGGCTCGACAGGTATGGAACCCATGTGGGCTTTTCTGATTCCGGTTATGGTTCAGGTTGGGTTCTTAAATTGACTGTTTTGACTGCAGGTTGAAGAAGGTGGATGGC(1)	6	0	6	
Am-AG-1	ACTTTAGTTTCTTTGGATCAGGAGCAAAAGTAAACCCTAGATGAATATGTAAGGAGGATCACAAGAAGCAGAAGCACAATTATATGCACCAAAA(1)AG(2)GAATAGTTAAAGTATGTTTA(1)AAGG(2)GG(1)AG(6)ATTATGTGAATGGGAGGAAATTTG(1)	1983	0	1983	
Am-AG-1	ACTTTAGTTTCTTTGGATCAGGAGCAAAAGTAAACCCTAGATGAATATGTAAGGAGGATCACAAGAAGCAGAAGCACAATTATATGCACCAAAA(1)AG(2)GAATAGTTAAAGTATGTTTA(1)AAGG(2)GGAA(1)AG(6)ATTATGTGAATGGGAGGAAATTTG(1)	1647	0	1647	
Am-AG-10	CCAAATGAAACAATCGGAAATCCTAAAC(1)AG(3)AAATCT(1)AG(4)AAAAAGGCATAAATTTAT(1)AG(9)ATGAACAGA(1)	695	0	695	
Am-AG-10	Other sequences	71	0	71	
Am-AG-4B	TTTGAAGGTTTTTCTTCG(1)AG(2)CA(1)AG(13)TATCGAGCGCGCGTGTGTCAAATAAGGACAAAAATTGACTTTATATGAAAATTTGACCAAAAACAAGAAAAATGGCTAAGTATAGAA(1)	1162	0	1162	
Am-AG-4B	TTTGAAGGTTTTTCTTCG(1)AG(2)CA(1)AG(12)TATCGAGCGCGCGTGTGTCAAATAAGGACAAAAATTGACTTTATATGAAAATTTGACCAAAAACAAGAAAAATGGCTAAGTATAGAA(1)	1014	0	1014	
Am-AG-11	TCACCCTAGGATTAACCTAATAAATTTTCAGACATTTGAGATGCAGCGTTGCTTAAATATATCTTCTCTCTTCCATCACGGAGAAAATTTCTATGAATATACAGTGAATCGG(1)AG(6)ATGGAGGGATGGCAATAGCGAAAGTGTGTACCGTACAGGAGAGAGA(1)	2409	0	2409	
Am-AG-11	TCACCCTAGGATTAACCTAATAAATTTTCAGACATTTGAGATGCAGCGTTGCTTAAATATATCTTCTCTCTTCCATCACGGAGAAAATTTCTATGAATATACAGTGAATCGGAGGGAGAGAGAGAGAAAGATGGAGGGATGGCAATAGCGAAAGTGTGTACCGTACAGG(1)AG(6)A(1)	668	0	668	
Am-CT-5	TCATAATTGCTTCCCTTTATAT(1)CT(3)CATACAAACGCCACCGCCCTCGGTCATTATTACTTTCCATTGTCTTCTTC(1)	2	0	2	
Am-CT-5	Other sequences	1	0	1	
Am-ATC-3	CTTGCTACTATATATTGGAGAAAGCATTTTCGCTGCAACTTTTTTTCATCT(1)ATC(2)T(1)ATC(10)TGTTACCAGGCAAAAGCTGATGAAATTGCAAAGCTGATGCATGA(1)	49	0	49	
Am-ATC-3	CTTGCTTCTATATATTGGAGAAAACATTTTCGATGCAACTTTTTTTCATCT(1)ATC(2)T(1)ATC(13)TGTTACCAGGCAAAAGCTGATGAAATTGCAAAGCTGATGCATGA(1)	14	0	14	
Am-CT-2	GTTACAATCAAGAAGATGACTACAGAAGTCAAACGCAGCCCAAAGAATCTGAAATGCTTCAACTTTGACAGCTCCATTTCATTTCAGACAATCAAAAAATTCAATCAATTTGAACAAAATTCAGGCATTTCATGTACTCAAA(1)CT(10)TCACACAAAATAAGAATTTATTGTGGAATTTGGATGCATATCCCGTGACGAAATAAGAAA(1)	36	0	36	
Am-CT-2	Other sequences	15	0	15	
Am-AG-2B	TTGCCTATATTCAACATCTAATTATTTATTCAACATCTAATAGTCGCTTTGAAAACAATGAGA(1)AG(8)TAGCGTATTTGATACGCAAGCACAACACATGTGTCGAAATATCATTTGCACCCATTATGAACAGTGCCTAA(1)	1100	0	1100	
Am-AG-2B	TGGCCTATATTCAACATCTAATTATTTATTCAACATCTAATAGTCGCTTTGAAAACAATGAGA(1)AG(9)TAGCGTATTTGATACGCAAGCACAACACATGTGTCGAAATATCATTTGCACCCATTATGAACAGTGCCTAA(1)	763	0	763	
Am-ATC-2	AACCTACAAT(1)ATC(15)ATAAAATGCAGCAGAGTCAGAAATAAGGAGTGTTTCGTTTGAGGGTATGGATTTTATAGTGTTTAAGTACAAGGGAATGGTGTCGGTGCCCATAAAATTGGGAATCCTCCATACCCACTATTCCACTAAACACGTTAGGTTTATAAATCCATA(1)	12	0	12	
Am-ATC-2	AACCTACAAT(1)ATC(11)ATAAAATGCAGCAGAGTCAGAAATAAGGAGTGTTTCGTTTGAGGGTATGGATTTTATAGTGTTTAAGTACAAGGGAATGGTGTCGGTGCCCATAAAATTGGGAATCCTCCATACCCACTATTCCACTAAACACGTTAGGTTTATAAATCCATA(1)	11	0	11	
