Arm01	TGTGTGTCTATATATC(1)CATA(11)CACATGTATATATAT(1)	546	546	0	
Arm01	TGTGTGTCTATATATC(1)CATA(13)CACATGTATATATAT(1)	401	401	0	
Arm02	AATGGAGGGCCCACTGTACCGCTCATTGATAATTCATTTGGTTGTGCAACAAATGAGCCAGCACAACTTTCTGTTAAACC(1)TACA(9)CAAAGT(1)TACA(1)AACAACTAACTACTAAT(1)	2375	2375	0	
Arm02	Other sequences	169	169	0	
Arm03	Other sequences	1	1	0	
Arm04	AGTTGTGAGTTAAATCAATCAAAAACCAAAAATACAGATGAAGTGAATCGTTTAATTGATACTATCGAATGGATTAGAATAGTCGGATGCTTGAATCATGACACAATGATTCAGT(1)CATA(12)CACT(1)	275	275	0	
Arm04	AGTTGTGAGTTAAATCAATCAAAAACCAAAAATACAGATGAAGTGAATCGTTTAATTGATACTATCGAATGGATTAGAATAGTCGGATGCTTGAATCATGACACAATGATTCAGT(1)CATA(13)CACT(1)	257	257	0	
Arm05	ATTATTCGAACTGAATTC(1)AACA(2)AACT(1)AACA(2)TACCTACGTAAAATACCACTTGAACTACTAGGCTTTGGGGAGAGTGAGATGAGGGCAAACCTTACCTCTATCTCATGGGATAAAGAGACTGCTC(1)	277	277	0	
Arm05	Other sequences	30	30	0	
Arm06	CCTTATTGCTAGTTCTCATGTTCCCCATACAGGTACGATG(1)ACAT(4)TTTAATATATGTAAAGTTCATTTAGAAAATGTTCTATCTTTTGGAAACAGACACTGGTTATCAGTAATATGCAAAGAAT(1)	20	20	0	
Arm06	CCTTATTGCTAGTTCTCATGTTCCCCATACAGGTACGATG(1)ACAT(8)TTTAATATATGTAAAGTTCATTTAGAAAATGTTCTATCTTTTGGAAACAGACACTGGTTATCAGTAATATGCAAAGAAT(1)	6	6	0	
Arm07	No data	0	0	0	
Arm08	GGAACCTCCGG(1)	18	18	0	
Arm08	CCGATTCACCGCCTACGTG(1)	8	8	0	
Arm09	AATAGGTTCTTATT(1)TATG(6)TGGTGAATGTACAAGGAAAAACAAGCTTAGTAAGGACAACGAATTATATCAGATCATACAAGTTCTTCCAATATCATGTTCTTTTAAGTCTATTTCGACAGAAAACCAAAAAATGTTTTTCTCCTCATGGCTTTGTTTCTACTT(1)	5	5	0	
Arm09	Other sequences	1	1	0	
Arm10	ACGCCCAAAAGGTTCTTGCTACTTGCACTATATCACATTATATGTGCGTGTA(1)CATA(17)TATA(1)CATA(1)GTGTAGATTT(1)	2057	2057	0	
Arm10	ACGCCCAAAAGGTTCTTGCTACTTGCACTATATCACATTATATGTGCGTGTA(1)CATA(16)TATA(1)CATA(1)GTGTAGATTT(1)	406	406	0	STUTTER:1439.9x169(2-1)
Arm11	ATATGTTGTGACTG(1)GT(10)GAACTGATGGGTGATCATTTGGTGTCAACTTCACAGATGACTGAAAGATTCCAAGAAGGAAAATCTGCAGGATTGGAA(1)	520	520	0	
Arm11	ATATGTTGTGACTG(1)GT(9)GAACTGATGGGTGATCATTTGGTGTCAACTTCACAGATGACTGAAAGATTCCAAGAAGGAAAATCTGCAGGATTGGAA(1)	112	112	0	STUTTER:364.0x214(2-1)
Armo01	TGCGCACCGACCTGCC(1)	5	5	0	
Armo01	Other sequences	4	4	0	
Armo02	No data	0	0	0	
Armo03	AAGCCTGGTACACCTCCTCCAGGTCCAGGTCCAGGTCTCCAGGTCCATGGCTCGACAGGTATGGAACCCATGTGGGCTTTTCTGATTCCGGTTATGGTTCAGGTTGGGTTCTTAAATTGACTGTTTTGACTGCAGGTTGAAGAAGGTGGATGGC(1)	44	44	0	
Armo03	AAGCCTGGTACACCTCCTCCAGGTCCAGGTCCAGGTCCAGGTCCAGGTCTCCAGGTCCATGGCTCGACAGGTATGGAACCCATGTGGGCTTTTCTGATTCCGGTTATGGTTCAGGTTGGGTTCTTAAATTGACTGTTTTGACTGCAGGTTGAAGAAGGTGGATGGC(1)	8	8	0	
Am-AG-1	ACTTTAGTTTCTTTGGATCAGGAGCAAAAGTAAACCCTAGATGAATATGTAAGGAGGATCACAAGAAGCAGAAGCACAATTATATGCACCAAAA(1)AG(2)GAATAGTTAAAGTATGTTTA(1)AAGG(2)GGAA(1)AG(6)ATTATGTGAATGGGAGGAAATTTG(1)	1722	1722	0	
Am-AG-1	ACTTTAGTTTCTTTGGATCAGGAGCAAAAGTAAACCCTAGATGAATATGTAAGGAGGATCACAAGAAGCAGAAGCACAATTATATGCACCAAAA(1)AG(2)GAATAGTTAAAGTATGTTTA(1)AAGG(2)GG(1)AG(10)ATTATGTGAATGGGAGGAAATTTG(1)	729	729	0	
Am-AG-10	CCAAATGAAACAATCGGAAATCCTAAAC(1)AG(3)AAAAAGGCATAAATTTAT(1)AG(11)ATGAACAGA(1)	307	307	0	
Am-AG-10	CCAAATGAAACAATCGGAAATCCTAAAC(1)AG(3)AAAAAGGCATAAATTTAT(1)AG(16)ATGAACAGA(1)	91	91	0	
Am-AG-4B	TTTGAAGGTTTTTCTTCG(1)AG(2)CA(1)AG(12)TATCGAGCGCGCGTGTGTCAAATAAGGACAAAAATTGACTTTATATGAAAATTTGACCAAAAACAAGAAAAATGGCTAAGTATAGAA(1)	732	732	0	
Am-AG-4B	TTTGAAGGTTTTTCTTCG(1)AG(2)CA(1)AG(11)TATCGAGCGCGCGTGTGTCAAATAAGGACAAAAATTGACTTTATATGAAAATTTGACCAAAAACAAGAAAAATGGCTAAGTATAGAA(1)	497	497	0	STUTTER:512.4x65(4-1)
Am-AG-11	TCACCCTAGGATTAACCTAATAAATTTTCAGACATTTGAGATGCAGCGTTGCTTAAATATATCTTCTCTCTTCCATCACGGAGAAAATTTCTATGAATATACAGTGAATCGG(1)AG(7)AAAGATGGAGGGATGGCAATAGCGAAAGTGTGTACCGTACAGGAGAGAGAGAGA(1)	380	380	0	
Am-AG-11	TCACCCTAGGATTAACCTAATAAATTTTCAGACATTTGAGATGCAGCGTTGCTTAAATATATCTTCTCTCTTCCATCACGGAGAAAATTTCTATGAATATACAGTGAATCGG(1)AG(7)AAAGATGGAGGGATGGCAATAGCGAAAGTGTGTACCGTACAGGAGAGAGAGAGAGA(1)	310	310	0	
Am-CT-5	No data	0	0	0	
Am-ATC-3	Other sequences	5	5	0	
Am-ATC-3	CTTGCTTCTATATATTGGAGAAAACATTTTCGATGCAACTTTTTTTCATCT(1)ATC(2)T(1)ATC(2)T(1)ATC(12)TGTTACCAGGCAAAAGCTGATGAAATTGCAAAGCTGATGCATGA(1)	3	3	0	
Am-CT-2	GTTACAATCAAGAAGATGACTACAGAAGTCAAACGCAGCCCAAAGAATCTGAAATGCTTCAACTTTGACAGCTCCATTTCATTTCAGACAATCAAAAAATTCAATCAATTTGAACAAAATTCAGGCATTTCATGTACTCAAA(1)CT(10)TCACACAAAATAAGAATTTATTGTGGAATTTGGATGCATATCCCGTGACGAAATAAGAAA(1)	3	3	0	
Am-CT-2	Other sequences	2	2	0	
Am-AG-2B	Other sequences	5	5	0	
Am-AG-2B	TGGCCTATATTCAACATCTAATTATTTATTCAACATCTAATAGTCGCTTTGAAAACAATGAGA(1)AG(13)TAGCGTATTTGATACGCAAGCACAACACATGTGTCGAAATATCATTTGCACCCATTATGAACAGTGCCTAA(1)	4	4	0	
Am-ATC-2	No data	0	0	0	
