Arm01	TGTGTGTCTATATATC(1)CATA(19)CACATGTATATATAT(1)	88	88	0	
Arm01	Other sequences	15	15	0	
Arm02	AATGGAGGGCCCACTGTACCGCTCATTGATAATTCATTTGGTTGTGCAACAAATGAGCCAGCACAACTTTCTGTTAAACC(1)TACA(10)CAAAGT(1)TACA(1)AACAACTAACTACTAAT(1)	448	448	0	
Arm02	AATGGAGGGCCCACTGTACCGCTCATTGATAATTCATTTGGTTGTGCAACAAATGAGCCAGCACAACTTTCTGTTAAACC(1)TACA(9)CAAAGT(1)TACA(1)AACAACTAACTACTAAT(1)	421	421	0	
Arm03	TTTTCTCTTTCCAATCGTTCAACGCAAACAAATTACAGGTAGAAACAAAAACCCTAATTCTCCATCATCATCATCATCGTTCTCGCATT(1)TACA(7)CATATATATT(1)TACA(1)	12	12	0	
Arm03	Other sequences	5	5	0	
Arm04	AGTTGTGAGTTAAATCAATCAAAAACCAAAAATACAGATGAAGTGAATCGTTTAATTGATACTATCGAATGGATTAGAATAGTCGGATGCTTGAATCATGACACAATGATTCAGT(1)CATA(11)CACT(1)	204	204	0	
Arm04	AGTTGTGAGTTAAATCAATCAAAAACCAAAAATACAGATGAAGTGAATCGTTTAATTGATACTATCGAATGGATTAGAATAGTCGGATGCTTGAATCATGACACAATGATTCAGT(1)CATA(10)CACT(1)	26	26	0	STUTTER:142.8x96(2-1)
Arm05	ATTATTCGAACTGAATTC(1)AACA(7)TACCTAGGTAAAATACCACTTGAACTACTAGGGTTTGGGGAGAGTGAGATGAGGGCAAACCTTACCTCTATCTCATGGGATAAAGAGACTGCTC(1)	66	66	0	
Arm05	Other sequences	13	13	0	
Arm06	CCTTATTGCTAGTTCTCATGTTCCCCATACAGGTACGATGGCAT(1)ACAT(6)TTTAATATATGTAAAGTTCATTTAGAAAATGTTCTATCTTTTGGAAACAGACACTGGTTATCAGTAATATGCAAAGAAT(1)	4	4	0	
Arm06	CCTTATTGCTAGTTCTCATGTTCCCCATACAGGTACGATG(1)ACAT(7)TTTAATATATGTAAAGTTCATTTAGAAAATGTTCTATCTTTTGGAAACAGACACTGGTTATCAGTAATATGCAAAGAAT(1)	4	4	0	
Arm07	No data	0	0	0	
Arm08	CCGCGAAAAGGTCGCGCGCACGA(1)	17	17	0	
Arm08	TCGCGAAAAGGTTGCGCGCACGA(1)	9	9	0	
Arm09	AATAGGTTCTTATT(1)TATG(6)TGGTGAATGTACAAGGAAAAACAAGCTTAGTAAGGACAACGAATTATATCAGATCATACAAGTTCTTCCAATATCATGTTCTTTTAAGTCTATTTCGACAGAAAACCAAAAAATGTTTTTCTCCTCATGGCTTTGTTTCTACTT(1)	10	10	0	
Arm09	Other sequences	5	5	0	
Arm10	ACGCCCAAAAGGTTCTTGCTACTTGCACTATATCACATTATATGTGCGTGTA(1)CATA(4)TATA(1)CATA(1)GTGTAGATTT(1)	1051	1051	0	
Arm10	ACGCCCAAAAGGTTCTTGCTACTTGCACTATATCACATTATATGTGCGTGTA(1)CATA(12)TATA(1)CATA(1)GTGTAGATTT(1)	220	220	0	
Arm11	ATATGTTGTGACTG(1)GT(9)GAACTGATGGGTGATCATTTGGTGTCAACTTCACAGATGACTGAAAGATTCCAAGAAGGAAAATCTGCAGGATTGGAA(1)	91	91	0	
Arm11	ATATGTTGTGACTG(1)GT(8)GAACTGATGGGTGATCATTTGGTGTCAACTTCACAGATGACTGAAAGATTCCAAGAAGGAAAATCTGCAGGATTGGAA(1)	20	20	0	STUTTER:63.7x141(2-1)
Armo01	CCACCGCGCTACTGC(1)	9	9	0	
Armo01	TTGCTTCTTCTCTTTATAGATGTCTACAC(1)AG(9)CTAGTAGGAGGTGAACCCAAAATGGTAACCCGCGTTTTAA(1)	3	3	0	
Armo02	No data	0	0	0	
Armo03	CAAGCCTGGTACACCTCCTCCAGGTCCAGGTCCAGGTCCAGGTCTCCAGGTCCATGGCTCGACAGGTATGGAACCCATGTGGGCTTTTCTGATTCCGGTTATGGTTCAGGTTGGGTTCTTAAATTGACTGTTTTGACTGCAGGTTGAAGAAGGTGGATGGC(1)	10	10	0	
Armo03	AAGCCTGGTACACCTCCTCCAGGTCCAGGTCCAGGTCCAGGTCCAGGTCTCCAGGTCCATGGCTCGACAGGTATGGAACCCATGTGGGCTTTTCTGATTCCGGTTATGGTTCAGGTTGGGTTCTTAAATTGACTGTTTTGACTGCAGGTTGAAGAAGGTGGATGGC(1)	8	8	0	
Am-AG-1	ACTTTAGTTTCTTTGGATCAGGAGCAAAAGTAAACCCTAGATGAATATGTAAGGAGGATCACAAGAAGCAGAAGCACAATTATATGCACCAAAA(1)AG(2)GAATAGTTAAAGTATGTTTA(1)AAGG(2)GG(1)AG(6)ATTATGTGAATGGGAGGAAATTTG(1)	862	862	0	
Am-AG-1	Other sequences	90	90	0	
Am-AG-10	CCAAATGAAACAATTGGAAATCCTAAAC(1)AG(3)AAATCT(1)AG(4)AAAAAGGCATAAATTTAT(1)AG(9)ATGAACAGA(1)	297	297	0	
Am-AG-10	Other sequences	22	22	0	
Am-AG-4B	TTTGAAGGTTTTTCTTCG(1)AG(2)CA(1)AG(8)TATCGAGCGCGCGTGTGTCAAATAAGGACAAAAATTGACTTTATATGAAAATTTGACCAAAAACAAGAAAAATGGCTAAGTATAGAA(1)	695	695	0	
Am-AG-4B	TTTGAAGGTTTTTCTTCG(1)AG(2)CA(1)AG(7)TATCGAGCGCGCGTGTGTCAAATAAGGACAAAAATTGACTTTATATGAAAATTTGACCAAAAACAAGAAAAATGGCTAAGTATAGAA(1)	110	110	0	STUTTER:486.5x56(4-1)
Am-AG-11	TCACCCTAGGATTAACCTAATAAATTTTCAGACATTTGAGATGCAGCGTTGCTTAAATATATCTTCTCTCTTCCATCACGGAGAAAATTTCTATGAATATACAGTGAATCGG(1)AG(6)ATGGAGGGATGGCAATAGCGAAAGTGTGTACCGTACAGGAGAGAGA(1)	521	521	0	
Am-AG-11	TCACCCTAGGATTAACCTAATAAATTTTCAGACATTTGAGATGCAGCGTTGCTTAAATATATCTTCTCTCTTCCATCACGGAGAAAATTTCTATGAATATACAGTGAATCGG(1)AG(7)AAAGATGGAGGGATGGCAATAGCGAAAGTGTGTACCGTACAGGAGAGAGAGAGAGAGA(1)	107	107	0	
Am-CT-5	No data	0	0	0	
Am-ATC-3	Other sequences	3	3	0	
Am-ATC-3	CTTGCTTCTATATATTGGAGAAAACATTTTCGATGCAACTTTTTTTCATCT(1)ATC(2)T(1)ATC(10)TGTTACCAGGCAAAAGCTGATGAAATTGCAAAGCTGATGCATGA(1)	3	3	0	
Am-CT-2	GTTACAATCAAGAAGATGACTACAGAAGTCAAACGCAGCCCAAAGAATCTGAAATGCTTCAACTTTGACAGCTCCATTTCATTTCAGACAATCAAAAAATTCAATCAATTTGAACAAAATTCAGGCATTTCATGTACTCAAA(1)CT(10)TCACACAAAATAAGAATTTATTGTGGAATTTGGATGCATATCCCGTGACGAAATAAGAAA(1)	5	5	0	
Am-CT-2	GTTACAATCAAGAAGATGACTACAGAAGTCAAACGCAGCCCAAAGAATCTGAAATGCTTCAACTTTGACAGCTCCATTTCATTTCAGACAATCAAAAAATTCAATCAATTTGAACAAAATTCAGGCATTTCATGTACTCAAA(1)CT(9)TCACACAAAATAAGAATTTATTGTGGAATTTGGATGCATATCCCGTGACGAAATAAGAAA(1)	2	2	0	STUTTER:3.5x69(2-1)
Am-AG-2B	TGGCCTATATTCAACATCTAATTATTTATTCAACATCTAATAGTCGCTTTGAAAACAATGAGA(1)AG(8)TAGCGTATTTGATACGCAAGCACAACACATGTGTCGAAATATCATTTGCACCCATTATGAACAGTGCCTAA(1)	496	496	0	
Am-AG-2B	TGGCCTATATTCAACATCTAATTATTTATTCAACATCTAATAGTCGCTTTGAAAACAATGAGA(1)AG(9)TAGCGTATTTGATACGCAAGCACAACACATGTGTCGAAATATCATTTGCACCCATTATGAACAGTGCCTAA(1)	194	194	0	
Am-ATC-2	No data	0	0	0	
