Arm01	TGTGTGTCTATATATC(1)CATA(10)CACATGTATATATAT(1)	890	890	0	
Arm01	TGTGTGTCTATATATC(1)CATA(12)CACATGTATATATAT(1)	729	729	0	
Arm02	AATGGAGGGCCCACTGTACCGCTCATTGATAATTCATTTGGTTGTGCAACAAATGAGCCAGCACAACTTTCTGTTAAACC(1)TACA(9)CAAAGT(1)TACA(1)AACAACTAACTACTAAT(1)	8	8	0	
Arm02	AATGGAGGGCCCACTGTACCGCTCATTGATAATTCATTTGGTTGTGCAACAAATGAGCCAGCACAACTTTCTGTTAAACC(1)TACA(11)CAAAGT(1)TACA(1)AACAACTAACTACTAAT(1)	5	5	0	
Arm03	No data	0	0	0	
Arm04	No data	0	0	0	
Arm05	No data	0	0	0	
Arm06	No data	0	0	0	
Arm07	No data	0	0	0	
Arm08	No data	0	0	0	
Arm09	No data	0	0	0	
Arm10	ACGCCCAAAAGGTTCTTGCTACTTGCACTATATCACATTATATGTGCGTGTA(1)CATA(5)GTGTAGATTT(1)	12	12	0	
Arm10	Other sequences	1	1	0	
Arm11	No data	0	0	0	
Armo01	No data	0	0	0	
Armo02	No data	0	0	0	
Armo03	No data	0	0	0	
Am-AG-1	ACTTTAGTTTCTTTGGATCAGGAGCAAAAGTAAACCCTAGATGAATATGTAAGGAGGATCACAAGAAGCAGAAGCACAATTATATGCACCAAAA(1)AG(2)GAATAGTTAAAGTATGTTTA(1)AAGG(2)GG(1)AG(6)ATTATGTGAATGGGAGGAAATTTG(1)	2219	2219	0	
Am-AG-1	ACTTTAGTTTCTTTGGATCAGGAGCAAAAGTAAACCCTAGATGAATATGTAAGGAGGATCACAAGAAGCAGAAGCACAATTATATGCACCAAAA(1)AG(2)GAATAGTTAAAGTATGTTTA(1)AAGG(2)GG(1)AG(12)ATTATGTGAATGGGAGGAAATTTG(1)	459	459	0	
Am-AG-10	CCAAATGAAACAATCGGAAATCCTAAAC(1)AG(3)AAATCT(1)AG(4)AAAAAGGCATAAATTTAT(1)AG(11)ATGAACAGA(1)	81	81	0	
Am-AG-10	CCAAATGAAACAATCGGAAATCCTAAAC(1)AG(3)AAAAAGGCATAAATTTAT(1)AG(10)ATGAACAGA(1)	43	43	0	
Am-AG-4B	TTTGACGGTTTTTCTTCG(1)AG(2)CA(1)AG(7)TATCGAGCGCGCGTGTGTCAAATAAGGACAAAAATTGACTTTATATGAAAATTTGACCAAAAACAAGAAAAATGGCTAAGTATAGAA(1)	1633	1633	0	
Am-AG-4B	TTTGAAGGTTTTTCTTCG(1)AG(2)CA(1)AG(11)TATCGAGCGCGCGTGTGTCAAATAAGGACAAAAATTGACTTTATATGAAAATTTGACCAAAAACAAGAAAAATGGCTAAGTATAGAA(1)	279	279	0	
Am-AG-11	TCACCCTAGGATTAACCTAATAAATTTTCAGACATTTGAGATGCAGCGTTGCTTAAATATATCTTCTCTCTTCCATCACGGAGAAAATTTCTATGAATATACAGTGAATCGG(1)AG(8)ATGGAGGGATGGCAATAGCGAAAGTGTGTACCGTACAGGAGAGAGAGAGA(1)	438	438	0	
Am-AG-11	TCACCCTAGGATTAACCTAATAAATTTTCAGACATTTGAGATGCAGCGTTGCTTAAATATATCTTCTCTCTTCCATCACGGAGAAAATTTCTATGAATATACAGTGAATCGG(1)AG(7)AAAGATGGAGGGATGGCAATAGCGAAAGTGTGTACCGTACAGGAGAGAGAGAGA(1)	395	395	0	
Am-CT-5	TCATAATTGCTTCCCTTTATAT(1)CT(6)CATACAAACGCCACCGCCCTCGGTCATTATTACTTTCCATTGTCTTCTTC(1)	3	3	0	
Am-CT-5	Other sequences	1	1	0	
Am-ATC-3	CTTGCTTCTATATATTGGAGAAAACATTTTCGTTGCAACTTTTTTTCATCT(1)ATC(2)T(1)ATC(14)TGTTACCAGGCAAAAGCTGATGAAATTGCAAAGCTGATGCATGA(1)	3	3	0	
Am-ATC-3	Other sequences	2	2	0	
Am-CT-2	GTTACAATCAAGAAGATGACTACAGAAGTCAAACGCAGCCCAAAGAATCTGAAATGCTTCAACTTTGACAGCTCCATTTCATTTCAGACAATCAAAAAATTCAATCAATTTGAACAAAATTCAGGCATTTCATGTACTCAAA(1)CT(12)TCACACAAAATAAGAATTTATTGTGGAATTTGGATGCATATCCCGTGACGAAATAAGAAA(1)	5	5	0	
Am-CT-2	GTTACAATCAAGAAGATGACTACAGAAGTCAAACGCAGCCCAAAGAATCTGAAATGCTTCAACTTTGACAGCTCCATTTCATTTCAGACAATCAAAAAATTCAATCAATTTGAACAAAATTCAGGCATTTCATGTACTCAAA(1)CT(10)TCACACAAAATAAGAATTTATTGTGGAATTTGGATGCATATCCCGTGACGAAATAAGAAA(1)	2	2	0	
Am-AG-2B	TGGCCTATATTCAACATCTAATTATTTATTCAACATCTAATAGTCGCTTTGAAAACAATGAGA(1)AG(8)TAGCGTATTTGATACGCAAGCAGAACACATGTGTCGAAATATCATTTGCACCCATTATGAACAGTGCCTAA(1)	1089	1089	0	
Am-AG-2B	Other sequences	108	108	0	
Am-ATC-2	No data	0	0	0	
