Arm01	TGTGTGTCTATATATC(1)CATA(14)CACATGTATATATAT(1)	802	0	802	
Arm01	TGTGTGTCTATATATC(1)CATA(13)CACATGTATATATAT(1)	101	0	101	STUTTER:561.4x219(2-1)
Arm02	AATGGAGGGCCCACTGTACCGCTCATTGATAATTCATTTGGTTGTGCAACAAATGAGCCAGCACAACTTTCTGTTAAACC(1)TACA(12)CAAAGT(1)TACA(1)AACAACTAACTACTAAT(1)	12	0	12	
Arm02	Other sequences	6	0	6	
Arm03	No data	0	0	0	
Arm04	Other sequences	5	0	5	
Arm04	AGTTGTGAGTTAAATCAATCAAAAACCAAAAATACAGATGAAGTGAATCGTTTAATTGATACTATCGAATGGATTAGAATAGTCGGATGCTTGAATCATGACACAATGATTCAGT(1)CATA(10)CACT(1)	4	0	4	
Arm05	ATTATTCGAACTGAATTC(1)AACA(5)TACCTAGGTAAAATACCACTTGAACTACTAGGGTTTGGGGAGAGTGAGATGAGGGCAAACCTTACCTCTATCTCATGGGATAAAGAGACTGCTC(1)	3	0	3	
Arm05	ATTATTCGAACTGAATTC(1)AACA(7)TACCTAGGTAAAATACCACTTGAACTACTAGGGTTTGGGGAGAGTGAGATGAGGGCAAACCTTACCTCTATCTCATGGGATAAAGAGACTGCTC(1)	3	0	3	
Arm06	No data	0	0	0	
Arm07	No data	0	0	0	
Arm08	AACGG(1)	35	0	35	
Arm08	CATGGCTGCCACACCCACTTCTTAAACCATCATCATTTTCATGT(1)TGTA(6)TGATTGATGATGCATGAGATA(1)	9	0	9	
Arm09	No data	0	0	0	
Arm10	ACGCCCAAAAGGTTCTTGCTACTTGCACTATATCACATTATATGTGCGTGTA(1)CATA(5)TATA(1)CATA(1)GTGTAGATTT(1)	2218	0	2218	
Arm10	ACGCCCAAAAGGTTCTTGCTACTTGCACTATATCACATTATATGTGCGTGTA(1)CATA(9)TATA(1)CATA(1)GTGTAGATTT(1)	294	0	294	
Arm11	ATATGTTGTGACTG(1)GT(9)GAACTGATGGGTGATCATTTGGTGTCAACTTCACAGATGACTGAAAGATTCCAAGAAGGAAAATCTGCAGGATTGGAA(1)	10	0	10	
Arm11	ATATGTTGTGACTG(1)GT(9)GAACTGATGGTTGATCATTTGGTGTCAACTTCACAGATGACTGAAAGATTCCAAGAAGGAAAATCTGCAGGATTGGAA(1)	8	0	8	
Armo01	CT(1)	9	0	9	
Armo01	TTGCTTCTTCTCTTTATAGATGTCTACAC(1)AG(10)AT(1)AG(2)CTAGTAGGAGGTGAACCCAAAATGGTAACCCACGTTTTAA(1)	3	0	3	
Armo02	No data	0	0	0	
Armo03	No data	0	0	0	
Am-AG-1	ACTTTAGTTTCTTTGGATCAGGAGCAAAAGTAAACCCTAGATGAATATGTAAGGAGGATCACAAGAAGCAGAAGCACAATTATATGCACCAAAA(1)AG(2)GAATAGTTAAAGTATGTTTA(1)AAGG(2)GGAA(1)AG(5)ATTATGTGAATGGGAGGAAATTTG(1)	1470	0	1470	
Am-AG-1	ACTTTAGTTTCTTTGGATCAGGAGCAAAAGTAAACCCTAGATGAATATGTAAGGAGGATCACAAGAAGCAGAAGCACAATTATATGCACCAAAA(1)AG(2)GAATAGTTAAAGTATGTTTA(1)AAGG(2)GGAA(1)AG(6)ATTATGTGAATGGGAGGAAATTTG(1)	1211	0	1211	
Am-AG-10	CCAAATGAAACAATCGGAAATCCTAAAC(1)AG(3)AAAAAGGCATAAATTTAT(1)AG(10)ATGAACAGA(1)	383	0	383	
Am-AG-10	CCAAATGAAACAATTGGAAATCCTAAAC(1)AG(3)AAATCT(1)AG(4)AAAAAGGCATAAATTTAT(1)AG(9)ATGAACAGA(1)	80	0	80	
Am-AG-4B	TTTGAAGGTTTTTCTTCG(1)AG(2)CA(1)AG(8)TATCGAGCGCGCGTGTGTCAAATAAGGACAAAAATTGACTTTATATGAAAATTTGACCAAAAACAAGAAAAATGGCTAAGTATAGAA(1)	721	0	721	
Am-AG-4B	TTTGAAGGTTTTTCTTCG(1)AG(2)CA(1)AG(11)TATCGAGCGCGCGTGTGTCAAATAAGGACAAAAATTGACTTTATATGAAAATTTGACCAAAAACAAGAAAAATGGCTAAGTATAGAA(1)	236	0	236	
Am-AG-11	TCACCCTAGGATTAACCTAATAAATTTTCAGACATTTGAGATGCAGCGTTGCTTAAATATATCTTCTCTCTTCCATCACGGAGAAAATTTCTATGAATATACAGTGAATCGG(1)AG(7)ATGGAGGGATGGCAATAGCGAAAGTGTGTACCGTACAGGAGAGAGA(1)	426	0	426	
Am-AG-11	Other sequences	139	0	139	
Am-CT-5	TCATAATTGCTTCCCTTTATAT(1)CT(2)AT(1)CT(5)CATACAACGCCACCGCCCACGGTCATTATTACTTTCCATTGTCTTCTTC(1)	2	0	2	
Am-CT-5	Other sequences	1	0	1	
Am-ATC-3	CTTGCTACTATATATTGGAGAAAGCATTTTCGCTGCAACTTTTTTTCATCT(1)ATC(2)T(1)ATC(11)TGTTACCAGGCAAAAGCTGATGAAATTGCAAAGCTGATGCATGA(1)	357	0	357	
Am-ATC-3	Other sequences	55	0	55	
Am-CT-2	Other sequences	4	0	4	
Am-CT-2	GTTACAATCAAGAAGATGACTACAGAAGTCAAACGCAGCCCAAAGAATCTGAAATGCTTCAACTTTGACAGCTCCATTTCATTTCAGACAATCAAAAAATTCAATCAATTTGAACAAAATTCAGGCATTTCATGTACTCAAA(1)CT(10)TCACACAAAATAAGAATTTATTGTGGAATTTGGATGCATATCCCGTGACGAAATAAGAAA(1)	3	0	3	
Am-AG-2B	TGGCCTATATTCAACATCTAATTATTTATTCAACATCTAATAGTCGCTTTGAAAACAATGAGA(1)AG(8)TAGCGTATTTGATACGCAAGCACAACACATGTGTCGAAATATCATTTGCACCCATTATGAACAGTGCCTAA(1)	2402	0	2402	
Am-AG-2B	TGGCCTATATTCAACATCTAATTATTTATTCAACATCTAATAGTCGCTTTGAAAACAATGAGA(1)AG(9)TAGCGTATTTGATACGCAAGCACAACACATGTGTCGAAATATCATTTGCACCCATTATGAACAGTGCCTAA(1)	1601	1	1600	
Am-ATC-2	AACCTACAAT(1)ATC(13)ATAAAATGCAGCAGAGTCAGAAATAAGGAGTGTTTCGTTTGAGGGTATGGATTTTATAGTGTTTAAGTACAAGGGAATGGTGTCGGTGCCCATAAAATTGGGAATCCTCCATACCCACTATTCCACTAAACACGTTAGGTTTATAAATCCATA(1)	7	0	7	
Am-ATC-2	AACCTACAAT(1)ATC(15)ATAAAATGCAGCAGAGTCAGAAATAAGGAGTGTTTCGTTTGAGGGTATGGATTTTATAGTGTTTAAGTACAAGGGAATGGTGTCGGTGCCCATAAAATTGGGAATCCTCCATACCCACTATTCCACTAAACACGTTAGGTTTATAAATCCATA(1)	6	0	6	
