Arm01	TGTGTGTCTATATATC(1)CATA(9)CACATGTATATATAT(1)	9	9	0	
Arm01	TGTGTGTCTATATATC(1)CATA(13)CACATGTATATATAT(1)	6	6	0	
Arm02	AATGGAGGGCCCACTGTACCGCTCATTGATAATTCATTTGGTTGTGCAACAAATGAGCCAGCACAACTTTCTGTTAAACC(1)TACA(13)CAAAGT(1)TACA(1)AACAACTAACTACTAAT(1)	222	222	0	
Arm02	AATGGAGGGCCCACTGTACCGCTCATTGATAATTCATTTGGTTGTGCAACAAATGAGCCAGCACAACTTTCTGTTAAACC(1)TACA(14)CAAAGT(1)TACA(1)AACAACTAACTACTAAT(1)	143	143	0	
Arm03	Other sequences	1	1	0	
Arm04	AGTTGTGAGTTAAATCAATCAAAAACCAAAAATACAGATGAAGTGAATCGTTTAATTGATACTATCGAATGGATTAGAATAGTCGGATGCTTGAATCATGACACAATGATTCAGT(1)CATA(15)CACT(1)	501	501	0	
Arm04	AGTTGTGAGTTAAATCAATCAAAAACCAAAAATACAGATGAAGTGAATCGTTTAATTGATACTATCGAATGGATTAGAATAGTCGGATGCTTGAATCATGACACAATGATTCAGT(1)CATA(18)CACT(1)	277	277	0	
Arm05	ATTATTCGAACTGAATTC(1)AACA(7)TACCTAGGTAAAATACCACTTGAACTACTAGGGTTTGGGGAGAGTGAGATGAGGGCAAACCTTACCTCTATCTCATGGGATAAAGAGACTGCTC(1)	180	180	0	
Arm05	Other sequences	25	25	0	
Arm06	Other sequences	1	1	0	
Arm07	No data	0	0	0	
Arm08	TATGGCTGCCACACCCACTTCTTAAACCATCATCATTTTCATGT(1)TGTA(6)TGATTGATGATGCATGAGATA(1)	6	6	0	
Arm08	Other sequences	2	2	0	
Arm09	Other sequences	1	1	0	
Arm10	ACGCCCAAAAGGTTCTTGCTACTTGCACTATATCACATTATATGTGCGTGTA(1)CATA(4)TATA(1)CATA(1)GTGTAGATTT(1)	2261	2261	0	
Arm10	Other sequences	81	81	0	
Arm11	ATATGTTGTGACTG(1)GT(9)GAACTGATGGGTGATCATTTGGTGTCAACTTCACAGATGACTGAAAGATTCCAAGAAGGAAAATCTGCAGGATTGGAA(1)	438	438	0	
Arm11	ATATGTTGTGACTG(1)GT(10)GAACTGATGGGTGATCATTTGGTGTCAACTTCACAGATGACTGAAAGATTCCAAGAAGGAAAATCTGCAGGATTGGAA(1)	320	320	0	
Armo01	TTGCTTCTTCTCTTTATAGATGTCTACAC(1)AG(9)CTAGTAGGAGGTGAACCCAAAATGGTAACCCGCGTTTTAA(1)	5	5	0	
Armo01	Other sequences	4	4	0	
Armo02	No data	0	0	0	
Armo03	AAGCCTGGTACACCTCCTCCAGGTCCAGGTCCAGGTCCAGGTCCAGGTCTCCAGGTCCATGGCTCGACAGGTATGGAACCCATGTGGGCTTTTCTGATTCCGGTTATGGTTCAGGTTGGGTTCTTAAATTGACTGTTTTGACTGCAGGTTGAAGAAGGTGGATGGC(1)	7	7	0	
Armo03	Other sequences	1	1	0	
Am-AG-1	ACTTTAGTTTCTTTGGATCAGGAGCAAAAGTAAACCCTAGATGAATATGTAAGGAGGATCACAAGAAGCAGAAGCACAATTATATGCACCAAAA(1)AG(2)GAATAGTTAAAGTATGTTTA(1)AAGG(2)GGAA(1)AG(6)ATTATGTGAATGGGAGGAAATTTG(1)	4652	4651	1	
Am-AG-1	Other sequences	279	279	0	
Am-AG-10	CCAAATGAAACAATCGGAAATCCTAAAC(1)AG(3)AAAAAGGCATAAATTTAT(1)AG(12)ATGAACAGA(1)	2246	2246	0	
Am-AG-10	CCAAATGAAACAATCGGAAATCCTAAAC(1)AG(3)AAAAAGGCATAAATTTAT(1)AG(11)ATGAACAGA(1)	189	189	0	STUTTER:1572.2x109(4-1)
Am-AG-4B	TTTGAAGGTTTTTCTTCG(1)AG(2)CA(1)AG(12)TATCGAGCGCGCGTGTGTCAAATAAGGACAAAAATTGACTTTATATGAAAATTTGACCAAAAACAAGAAAAATGGCTAAGTATAGAA(1)	1336	1336	0	
Am-AG-4B	TTTGAAGGTTTTTCTTCG(1)AG(2)CA(1)AG(11)TATCGAGCGCGCGTGTGTCAAATAAGGACAAAAATTGACTTTATATGAAAATTTGACCAAAAACAAGAAAAATGGCTAAGTATAGAA(1)	759	759	0	STUTTER:935.2x324(4-1)
Am-AG-11	TCACCCTAGGATTAACCTAATAAATTTTCAGACATTTGAGATGCAGCGTTGCTTAAATATATCTTCTCTCTTCCATCACGGAGAAAATTTCTATGAATATACAGTGAATCGG(1)AG(5)ATAGATGGAGGGATGGCAATAGCGAAAGTGTGTACCGTACAGGAGAGAGA(1)	2431	2431	0	
Am-AG-11	TCACCCTAGGATTAACCTAATAAATTTTCAGACATTTGAGATGCAGCGTTGCTTAAATATATCTTCTCTCTTCCATCACGGAGAAAATTTCTATGAATATACAGTGAATCGG(1)AG(7)AAAGATGGAGGGATGGCAATAGCGAAAGTGTGTACCGTACAGGAGAGAGAGAGAGAGA(1)	1070	1070	0	
Am-CT-5	TCATAATTGCTTCCCTTTATAT(1)CT(2)AT(1)CT(4)CATACAAACGCCACCGCCCTCGGTCATTATTACTTTCCATTGTCTTCTTC(1)	3	3	0	
Am-CT-5	Other sequences	1	1	0	
Am-ATC-3	CTTGCTACTATATATTGGAGAAAGCATTTTCGCTGCAACTTTTTTTCATCT(1)ATC(2)T(1)ATC(12)TGTTACCAGGCAAAAGCTGATGAAATTGCAAAGCTGATGCATGA(1)	2510	2510	0	
Am-ATC-3	CTTGCTACTATATATTGGAGAAAGCATTTTCGCTGCAACTTTTTTTCATCT(1)ATC(2)T(1)ATC(11)TGTTACCAGGCAAAAGCTGATGAAATTGCAAAGCTGATGCATGA(1)	285	285	0	STUTTER:1757.0x406(4-1)
Am-CT-2	GTTACAATCAAGAAGATGACTACAGAAGTCAAACGCAGCCCAAAGAATCTGAAATGCTTCAACTTTGACAGCTCCATTTCATTTCAGACAATCAAAAAATTCAATCAATTTGAACAAAATTCAGGCATTTCATGTACTCAAA(1)CT(10)TCACACAAAATAAGAATTTATTGTGGAATTTGGATGCATATCCCGTGACGAAATAAGAAA(1)	741	741	0	
Am-CT-2	GTTACAATCAAGAAGATGACTACAGAAGTCAAACGCAGCCCAAAGAATCTGAAATGCTTCAACTTTGACAGCTCCATTTCATTTCAGACAATCAAAAAATTCAATCAATTTGAACAAAATTCAGGCATTTCATGTACTCAAA(1)CT(14)TCACACAAAATAAGAATTTATTGTGGAATTTGGATGCATATCCCGTGACGAAATAAGAAA(1)	391	391	0	
Am-AG-2B	TGGCCTATATTCAACATCTAATTATTTATTCAACATCTAATAGTCGCTTTGAAAACAATGAGA(1)AG(9)TAGCGTATTTGATACGCAAGCACAACACATGTGTCGAAATATCATTTACACCCATTATGAACAGTGCCTAA(1)	2647	2647	0	
Am-AG-2B	TGGCCTATATTCAACATCTAATTATTTATTCAACATCTAATAGTCGCTTTGAAAACAATGAGA(1)AG(8)TAGCGTATTTGATACGCAAGCACAACACATGTGTCGAAATATCATTTACACCCATTATGAACAGTGCCTAA(1)	308	308	0	STUTTER:1852.9x247(2-1)
Am-ATC-2	AACCTACAAT(1)ATC(11)ATAAAATGCAGCAGAGTCAGAAATAAGGAGTGTTTCGTTTGAGGGTATGGATTTTATAGTGTTTAAGTACAAGGGAATGGTGTCGGTGCCCATAAAATTGGGAATCCTCCATACCCACTATTCCACTAAACACGTTAGGTTTATAAATCCATA(1)	443	443	0	
Am-ATC-2	Other sequences	66	66	0	
