Arm01	TGTGTGTCTATATATC(1)CATA(20)CACATGTATATATAT(1)	4	0	4	
Arm01	Other sequences	2	0	2	
Arm02	AATGGAGGGCCCACTGTACCGCTCATTGATAATTCATTTGGTTGTGCAACAAATGAGCCAGCACAACTTTCTGTTAAACC(1)TACA(10)CAAAGT(1)TACA(1)AACAACTAACTACTAAT(1)	4	0	4	
Arm02	Other sequences	2	0	2	
Arm03	No data	0	0	0	
Arm04	AGTTGTGAGTTAAATCAATCAAAAACCAAAAATACAGATGAAGTGAATCGTTTAATTGATACTATCGAATGGATTAGAATAGTCGGATGCTTGAATCATGACACAATGATTCAGT(1)CATA(11)CACT(1)	8	0	8	
Arm04	Other sequences	3	0	3	
Arm05	No data	0	0	0	
Arm06	No data	0	0	0	
Arm07	No data	0	0	0	
Arm08	CATGGCTGCCACACCCACTTCTTAAACCATCATCATTTTCATGT(1)TGTA(4)TGATTGATGATGCATGAGATA(1)	9	0	9	
Arm08	CATGGCTGCCACACCCACTTCTTAAACCATCATCATTTTCATGT(1)TGTA(8)TGATTGATGATGCATGAGATA(1)	2	0	2	
Arm09	No data	0	0	0	
Arm10	ACGCCCAAAAGGTTCTTGCTACTTGCACTATATCACATTATATGTGCGTGTA(1)CATA(4)TATA(1)CATA(1)GTGTAGATTT(1)	1075	0	1075	
Arm10	ACGCCCAAAAGGTTCTTGCTACTTGCACTATATCACATTATATGTGCGTGTA(1)CATA(14)TATA(1)CATA(1)GTGTAGATTT(1)	186	0	186	
Arm11	ATATGTTGTGACTG(1)GT(8)GAACTGATGGGTGATCATTTGGTTTCAACTTCACAGATGACTGAAAGATTCCAAGAAGGAAAATCTGCAGGATTGGAA(1)	164	0	164	
Arm11	ATATGTTGTGACTG(1)GT(7)GAACTGATGGGTGATCATTTGGTTTCAACTTCACAGATGACTGAAAGATTCCAAGAAGGAAAATCTGCAGGATTGGAA(1)	31	0	31	STUTTER:114.8x102(2-1)
Armo01	Other sequences	1	0	1	
Armo02	No data	0	0	0	
Armo03	No data	0	0	0	
Am-AG-1	ACTTTAGTTTCTTTGGATCAGGAGCAAAAGTAAACCCTAGATGAATATGTAAGGAGGATCACAAGAAGCAGAAGCACAATTATATGCACCAAAA(1)AG(2)GAATAGTTAAAGTATGTTTA(1)AAGG(2)GG(1)AG(6)ATTATGTGAATGGGAGGAAATTTG(1)	17	0	17	
Am-AG-1	Other sequences	7	0	7	
Am-AG-10	Other sequences	6	0	6	
Am-AG-4B	TTTGAAGGTTTTTCTTCG(1)AG(2)CA(1)AG(8)TATCGAGCGCGCGTGTGTCAAATAAGGACAAAAATTGACTTTATATGAAAATTTGACCAAAAACAAGAAAAATGGCTAAGTATAGAA(1)	12	0	12	
Am-AG-4B	Other sequences	8	0	8	
Am-AG-11	Other sequences	10	0	10	
Am-AG-11	TCACCCTAGGATTAACCTAATAAATTTTCAGACATTTGAGATGCAGCGTTGCTTAAATATATCTTCTCTCTTCCATCACGGAGAAAATTTCTATGAATATACAGTGAATCGG(1)AG(7)ATGGAGGGATGGCAATAGCGAAAGTGTGTACCGTACAGGAGAGAGA(1)	8	0	8	
Am-CT-5	TCATAATTGCTTCCCTTTATAT(1)CT(2)AT(1)CT(5)CATACAACGCCACCGCCCACGGTCATTATTACTTTCCATTGTCTTCTTC(1)	44	0	44	
Am-CT-5	Other sequences	1	0	1	
Am-ATC-3	CTTGCTTCTATATATTGGAGAAAACATTTTCGATGCAACTTTTTTTCATCT(1)ATC(2)T(1)ATC(11)TGTTACCAGGCAAAAGCTGATGAAATTGCAAAGCTGATGCATGA(1)	47	0	47	
Am-ATC-3	CTTGCTTCTATATATTGGAGAAAACATTTTCGATGCAACTTTTTTTCATCT(1)ATC(2)T(1)ATC(2)T(1)ATC(12)TGTTACCAGGCAAAAGCTGATGAAATTGCAAAGCTGATGCATGA(1)	18	0	18	
Am-CT-2	Other sequences	1	0	1	
Am-AG-2B	TGGCCTATATTCAACATCTAATTATTTATTCAACATCTAATAGTCGCTTTGAAAACAATGAGA(1)AG(8)TAGCGTATTTGATACGCAAGCACAACACATGTGTCGAAATATCATTTGCACCCATTATGAACAGTGCCTAA(1)	1762	0	1762	
Am-AG-2B	Other sequences	220	0	220	
Am-ATC-2	Other sequences	1	0	1	
