Arm01	TGTGTGTCTATATATC(1)CATA(26)CACATGTATATATAT(1)	211	211	0	
Arm01	TGTGTGTCTATATATC(1)CATA(25)CACATGTATATATAT(1)	55	55	0	STUTTER:147.7x342(2-1)
Arm02	AATGGAGGGCCCACTGTACCGCTCATTGATAATTCATTTGGTTGTGCAACAAATGAGCCAGCACAACTTTCTGTTAAACC(1)TACA(10)CAAAGT(1)TACA(1)AACAACTAACTACTAAT(1)	1800	1800	0	
Arm02	GACGA(1)	311	311	0	
Arm03	TTTTCTCTTTCCAATCGTTCAACGCAAACAAATTACAGGTAGAAACAAAAACCCTAATTCTCCATCATCATCATCATCGTTCTCGCATT(1)TACA(7)CATATATAAT(1)TACA(1)	7	7	0	
Arm04	Other sequences	2	2	0	
Arm05	Other sequences	1	1	0	
Arm06	CCTTATTGCTAGTTCTCATGTTCCCCATACAGGTACGATGGCAT(1)ACAT(6)TTTAATATATGTAAAGTTCATTTAGAAAATGTTCTATCTTTTGGAAACAGACACTGGTTATCAGTAATATGCAAAGAAT(1)	8	8	0	
Arm07	No data	0	0	0	
Arm08	GAAGACGGCA(1)	49	49	0	
Arm08	Other sequences	2	2	0	
Arm09	AATAGGTTCTTATT(1)TATG(7)TGGTGAATGTACAAGGAAAAACAAGCTTAGTAAGGACAACGAATTATATCAGATCATACAAGTTCTTCCAATATCATGTTCTTTTAAGTCTATTTCGACAGAAAACCAAAAAATGTTTTTCTCCTCATGGCTTTGTTTCTACTT(1)	2	2	0	
Arm10	ACGCCCAAAAGGTTCTTGCTACTTGCACTATATCACATTATATGTGCGTGTA(1)CATA(12)TATA(1)CATA(1)GTGTAGATTT(1)	1184	1184	0	
Arm10	ACGCCCAAAAGGTTCTTGCTACTTGCACTATATCACATTATATGTGCGTGTA(1)CATA(11)TATA(1)CATA(1)GTGTAGATTT(1)	129	129	0	STUTTER:828.8x402(2-1)
Arm11	ATATGTTGTGACTG(1)GT(9)GAACTGATGGGTGATCATTTGGTGTCAACTTCACAGATGACTGAAAGATTCCAAGAAGGAAAATCTGCAGGATTGGAA(1)	22	22	0	
Arm11	ATATGTTGTGACTG(1)GT(8)GAACTGATGGGTGATCATTTGGTTTCAACTTCACAGATGACTGAAAGATTCCAAGAAGGAAAATCTGCAGGATTGGAA(1)	15	15	0	
Armo01	No data	0	0	0	
Armo02	No data	0	0	0	
Armo03	GTCTCTTA(1)	6	6	0	
Armo03	CAAGCCTGGTACACCTCCTCCAGGTCCAGGTCCAGGTCCAGGTCTCCAGGTCCATGGCTCGACAGGTATGGAACCCATGTGGGCTTTTCTGATTCCGGTTATGGTTCAGGTTGGGTTCTTAAATTGACTGTTTTGACTGCAGGTTGAAGAAGGTGGATGGC(1)	5	5	0	
Am-AG-1	ACTTTAGTTTCTTTGGATCAGGAGCAAAAGTAAACCCTAGATGAATATGTAAGGAGGATCACAAGAAGCAGAAGCACAATTATATGCACCAAAA(1)AG(2)GAATAGTTAAAGTATGTTTA(1)AAGG(2)GG(1)AG(10)ATTATGTGAATGGGAGGAAATTTG(1)	2934	2934	0	
Am-AG-1	ACTTTAGTTTCTTTGGATCAGGAGCAAAAGTAAACCCTAGATGAATATGTAAGGAGGATCACAAGAAGCAGAAGCACAATTATATGCACCAAAA(1)AG(2)GAATAGTTAAAGTATGTTTA(1)AAGG(2)GG(1)AG(9)ATTATGTGAATGGGAGGAAATTTG(1)	929	929	0	STUTTER:2053.8x1(6-1)
Am-AG-10	CCAAATGAAACAATTGGAAATCCTAAAC(1)AG(3)AAATCT(1)AG(4)AAAAAGGCATAAATTTAT(1)AG(9)ATGAACAGA(1)	1747	1747	0	
Am-AG-10	Other sequences	82	82	0	
Am-AG-4B	TTTGAAGGTTTTTCTTCG(1)AG(2)CA(1)AG(10)TATCGAGCGCGCGTGTGTCAAATAAGGACAAAAATTGACTTTATATGAAAATTTGACCAAAAACAAGAAAAATGGCTAAGTATAGAA(1)	2578	2578	0	
Am-AG-4B	TTTGAAGGTTTTTCTTCG(1)AG(2)CA(1)AG(9)TATCGAGCGCGCGTGTGTCAAATAAGGACAAAAATTGACTTTATATGAAAATTTGACCAAAAACAAGAAAAATGGCTAAGTATAGAA(1)	1323	1323	0	STUTTER:1804.6x263(4-1)
Am-AG-11	TCACCCTAGGATTAACCTAATAAATTTTCAGACATTTGAGATGCAGCGTTGCTTAAATATATCTTCTCTCTTCCATCACGGAGAAAATTTCTATGAATATACAGTGAATCGG(1)AG(12)ATGGAGGGATGGCAATAGCGAAAGTGTGTACCGTACAGGAGAGAGA(1)	2372	2371	1	
Am-AG-11	TCACCCTAGGATTAACCTAATAAATTTTCAGACATTTGAGATGCAGCGTTGCTTAAATATATCTTCTCTCTTCCATCACGGAGAAAATTTCTATGAATATACAGTGAATCGG(1)AG(11)ATGGAGGGATGGCAATAGCGAAAGTGTGTACCGTACAGGAGAGAGA(1)	1698	1698	0	
Am-CT-5	TCATAATTGCTTCCCTTTATAT(1)CT(2)AT(1)CT(5)CATACAACGCCACCGCCCACGGTCATTATTACTTTCCATTGTCTTCTTC(1)	2	2	0	
Am-ATC-3	Other sequences	1	1	0	
Am-CT-2	Other sequences	2	2	0	
Am-AG-2B	TGGCCTATATTCAACATCTAATTATTTATTCAACATCTAATAGTCGCTTTGAAAACAATGAGA(1)AG(9)TAGCGTATTTGATACGCAAGCACAACACATGTGTCGAAATATCATTTGCACCCATTATGAACAGTGCCTAA(1)	2	2	0	
Am-AG-2B	Other sequences	1	1	0	
Am-ATC-2	No data	0	0	0	
