Arm01	TGTGTGTCTATATATC(1)CATA(26)CACATGTATATATAT(1)	163	0	163	
Arm01	Other sequences	64	0	64	
Arm02	AATGGAGGGCCCACTGTACCGCTCATTGATAATTCATTTGGTTGTGCAACAAATGAGCCAGCACAACTTTCTGTTAAACC(1)TACA(10)CAAAGT(1)TACA(1)AACAACTAACTACTAAT(1)	1723	0	1723	
Arm02	GACGA(1)	307	0	307	
Arm03	TTTTCTCTTTCCAATCGTTCAACGCAAACAAATTACAGGTAGAAACAAAAACCCTAATTCTCCATCATCATCATCATCGTTCTCGCATT(1)TACA(7)CATATATAAT(1)TACA(1)	7	0	7	
Arm04	Other sequences	2	0	2	
Arm05	Other sequences	1	0	1	
Arm06	CCTTATTGCTAGTTCTCATGTTCCCCATACAGGTACGATGGCAT(1)ACAT(6)TTTAATATATGTAAAGTTCATTTAGAAAATGTTCTATCTTTTGGAAACAGACACTGGTTATCAGTAATATGCAAAGAAT(1)	8	0	8	
Arm07	No data	0	0	0	
Arm08	GAAGACGGCA(1)	47	0	47	
Arm08	TCTCGAATGGGCCACCAACCACCCGAATCAC(1)TGTA(1)GCAAACCCT(1)	2	0	2	
Arm09	AATAGGTTCTTATT(1)TATG(7)TGGTGAATGTACAAGGAAAAACAAGCTTAGTAAGGACAACGAATTATATCAGATCATACAAGTTCTTCCAATATCATGTTCTTTTAAGTCTATTTCGACAGAAAACCAAAAAATGTTTTTCTCCTCATGGCTTTGTTTCTACTT(1)	2	0	2	
Arm10	ACGCCCAAAAGGTTCTTGCTACTTGCACTATATCACATTATATGTGCGTGTA(1)CATA(12)TATA(1)CATA(1)GTGTAGATTT(1)	1151	0	1151	
Arm10	ACGCCCAAAAGGTTCTTGCTACTTGCACTATATCACATTATATGTGCGTGTA(1)CATA(11)TATA(1)CATA(1)GTGTAGATTT(1)	125	0	125	STUTTER:805.7x514(2-1)
Arm11	ATATGTTGTGACTG(1)GT(9)GAACTGATGGGTGATCATTTGGTGTCAACTTCACAGATGACTGAAAGATTCCAAGAAGGAAAATCTGCAGGATTGGAA(1)	24	0	24	
Arm11	ATATGTTGTGACTG(1)GT(8)GAACTGATGGGTGATCATTTGGTTTCAACTTCACAGATGACTGAAAGATTCCAAGAAGGAAAATCTGCAGGATTGGAA(1)	15	0	15	
Armo01	No data	0	0	0	
Armo02	No data	0	0	0	
Armo03	GTCTCTTA(1)	6	0	6	
Armo03	CAAGCCTGGTACACCTCCTCCAGGTCCAGGTCCAGGTCCAGGTCTCCAGGTCCATGGCTCGACAGGTATGGAACCCATGTGGGCTTTTCTGATTCCGGTTATGGTTCAGGTTGGGTTCTTAAATTGACTGTTTTGACTGCAGGTTGAAGAAGGTGGATGGC(1)	5	0	5	
Am-AG-1	ACTTTAGTTTCTTTGGATCAGGAGCAAAAGTAAACCCTAGATGAATATGTAAGGAGGATCACAAGAAGCAGAAGCACAATTATATGCACCAAAA(1)AG(2)GAATAGTTAAAGTATGTTTA(1)AAGG(2)GG(1)AG(10)ATTATGTGAATGGGAGGAAATTTG(1)	2488	0	2488	
Am-AG-1	ACTTTAGTTTCTTTGGATCAGGAGCAAAAGTAAACCCTAGATGAATATGTAAGGAGGATCACAAGAAGCAGAAGCACAATTATATGCACCAAAA(1)AG(2)GAATAGTTAAAGTATGTTTA(1)AAGG(2)GG(1)AG(9)ATTATGTGAATGGGAGGAAATTTG(1)	802	0	802	STUTTER:1741.6x1(6-1)
Am-AG-10	CCAAATGAAACAATTGGAAATCCTAAAC(1)AG(3)AAATCT(1)AG(4)AAAAAGGCATAAATTTAT(1)AG(9)ATGAACAGA(1)	1605	0	1605	
Am-AG-10	Other sequences	147	0	147	
Am-AG-4B	TTTGAAGGTTTTTCTTCG(1)AG(2)CA(1)AG(10)TATCGAGCGCGCGTGTGTCAAATAAGGACAAAAATTGACTTTATATGAAAATTTGACCAAAAACAAGAAAAATGGCTAAGTATAGAA(1)	2480	0	2480	
Am-AG-4B	TTTGAAGGTTTTTCTTCG(1)AG(2)CA(1)AG(9)TATCGAGCGCGCGTGTGTCAAATAAGGACAAAAATTGACTTTATATGAAAATTTGACCAAAAACAAGAAAAATGGCTAAGTATAGAA(1)	1291	0	1291	STUTTER:1736.0x355(4-1)
Am-AG-11	TCACCCTAGGATTAACCTAATAAATTTTCAGACATTTGAGATGCAGCGTTGCTTAAATATATCTTCTCTCTTCCATCACGGAGAAAATTTCTATGAATATACAGTGAATCGG(1)AG(12)ATGGAGGGATGGCAATAGCGAAAGTGTGTACCGTACAGGAGAGAGA(1)	2012	1	2011	
Am-AG-11	TCACCCTAGGATTAACCTAATAAATTTTCAGACATTTGAGATGCAGCGTTGCTTAAATATATCTTCTCTCTTCCATCACGGAGAAAATTTCTATGAATATACAGTGAATCGG(1)AG(11)ATGGAGGGATGGCAATAGCGAAAGTGTGTACCGTACAGGAGAGAGA(1)	1505	0	1505	
Am-CT-5	TCATAATTGCTTCCCTTTATAT(1)CT(2)AT(1)CT(5)CATACAACGCCACCGCCCACGGTCATTATTACTTTCCATTGTCTTCTTC(1)	2	0	2	
Am-ATC-3	Other sequences	1	0	1	
Am-CT-2	Other sequences	2	0	2	
Am-AG-2B	TGGCCTATATTCAACATCTAATTATTTATTCAACATCTAATAGTCGCTTTGAAAACAATGAGA(1)AG(9)TAGCGTATTTGATACGCAAGCACAACACATGTGTCGAAATATCATTTGCACCCATTATGAACAGTGCCTAA(1)	2	0	2	
Am-AG-2B	Other sequences	1	0	1	
Am-ATC-2	No data	0	0	0	
