Arm01	TGTGTGTCTATATATC(1)CATA(14)CACATGTATATATAT(1)	6	0	6	
Arm01	Other sequences	5	0	5	
Arm02	AATGGAGGGCCCACTGTACCGCTCATTGATAATTCATTTGGTTGTGCAACAAATGAGCCAGCACAACTTTCTGTTAAACC(1)TACA(11)CAAAGT(1)TACA(1)AACAACTAACTACTAAT(1)	254	0	254	
Arm02	Other sequences	52	0	52	
Arm03	TTTTCTCTTTCCAATCGTTCAACGCAAACAAATTACAGGTAGAAACAAAAACCCTAATTCTCCATCATCATCATCATCGTTCTCGCATT(1)TACA(8)CATATATAAT(1)TACA(1)	61	0	61	
Arm03	Other sequences	6	0	6	
Arm04	AGTTGTGAGTTAAATCAATCAAAAACCAAAAATACAGATGAAGTGAATCGTTTAATTGATACTATCGAATGGATTAGAATAGTCGGATGCTTGAATCATGACACAATGATTCAGT(1)CATA(15)CACT(1)	96	0	96	
Arm04	Other sequences	30	0	30	
Arm05	ATTATTCGAACTGAATTC(1)AACA(6)TACCAAGGTAAAATACCACTTGAACTACTAGGGTTTGGGGAGAGTGAGATGAGGGCAAACCTTACCTCTATCTCATGGGATAAAGAGACTGCTC(1)	250	0	250	
Arm05	Other sequences	41	0	41	
Arm06	CCTTATTGCTAGTTCTCATGTTCCCCATACAGGTACGATG(1)ACAT(10)TTTAATATATGTAAACTTCATTTAGAAAATGTTCTATCTTTTGGAAACAGACACTGGTTATCAGTAATATGCAAAGAAT(1)	9	0	9	
Arm06	Other sequences	4	0	4	
Arm07	No data	0	0	0	
Arm08	CATGGCTGCCACACCCACTTCTTAAACCATCATCATTTTCATGT(1)TGTA(7)TGATTGATGATGCATGAGATA(1)	17	0	17	
Arm08	CATGGCTGCCACACCCACTTCTTAAACCATCATCATTTTCATGT(1)TGTA(6)TGATTGATGATGCATGAGATA(1)	9	0	9	STUTTER:11.9x80(2-1)
Arm09	AATAGGTTCTTATT(1)TATG(7)TGGTGAATGTACAAGGAAAAACAAGCTTAGTAAGGACAACGAATTATATCAGATCATACAAGTTCTTCCAATATCATGTTCTTTTAAGTCTATTTCGACAGAAAACCAAAAAATGTTTTTCTCCTCATGGCTTTGTTTCTACTT(1)	36	0	36	
Arm09	Other sequences	13	0	13	
Arm10	ACGCCCAAAAGGTTCTTGCTACTTGCACTATATCACATTATATGTGCGTGTA(1)CATA(6)GTGTAGATTT(1)	251	0	251	
Arm10	Other sequences	39	0	39	
Arm11	ATATGTTGTGACTG(1)GT(9)GAACTGATGAGTGATCATTTGGTGTCAACTTCACAGATGACTGAAAGATTCCAAGAAGGAAAATCTGCAGGATTGGAA(1)	82	1	81	
Arm11	ATATGTTGTGACTG(1)GT(10)GAACTGATGGGTGATCATTTGGTGTCAACTTCACAGATGACTGAAAGATTCCAAGAAGGAAAATCTGCAGGATTGGAA(1)	75	0	75	
Armo01	TTGCTTCTTCTCTTTATAGATGTCTACAC(1)AG(9)CTAGTAGGAGGTGAACCCAAAATGGTAACCCGCGTTTTAA(1)	41	0	41	
Armo01	TTGCTTCTTCTCTTTATAGATGTCTACAC(1)AG(10)CTAGTAGGAGGTGAACCCAAAATGGTAACCCGCGTTTTAA(1)	30	0	30	
Armo02	No data	0	0	0	
Armo03	AAGCCTGGTACACCTCCTCCAGGTCCAGGTCCAGGTCCAGGTCCAGGTCTCCAGGTCCATGGCTCGACAGGTATGGAACCCATGTGGGCTTTTCTGATTCCGGTTATGGTTCAGGTTGGGTTCTTAAATTGACTGTTTTGACTGCAGGTTGAAGAAGGTGGATGGC(1)	165	0	165	
Armo03	Other sequences	43	0	43	
Am-AG-1	ACTTTAGTTTCTTTGGATCAGGAGCAAAAGTAAACCCTAGATGAATATGTAAGGAGGATCACAAGAAGCAGAAGCACAATTATATGCACCAAAA(1)AG(2)GAATAGTTAAAGTATGTTTA(1)AAGG(2)GGAA(1)AG(6)ATTATGTGAATGGGAGGAAATTTG(1)	360	0	360	
Am-AG-1	Other sequences	74	0	74	
Am-AG-10	CCAAATGAAACAATCGGAAATCCTAAAC(1)AG(3)AAAAAGGCATAAATTTAT(1)AG(9)ATGAACAGA(1)	272	0	272	
Am-AG-10	Other sequences	26	0	26	
Am-AG-4B	TTTGAAGGTTTTTCTTCG(1)AG(2)CA(1)AG(11)TATCGAGCGCGCGTGTGTCAAATAAGGACAAAAATTGACTTTATATGAAAATTTGACAGAAAACAAGAAAAATGGCTAAGTATAGAA(1)	71	0	71	
Am-AG-4B	TTTGAAGGTTTTTCTTCG(1)AG(2)CA(1)AG(10)TATCGAGCGCGCGTGTGTCAAATAAGGACAAAAATTGACTTTATATGAAAATTTGACAGAAAACAAGAAAAATGGCTAAGTATAGAA(1)	61	0	61	
Am-AG-11	TCACCCTAGGATTAACCTAATAAATTTTCAGACATTTGAGATGCAGCGTTGCTTAAATATATCTTCTCTCTTCCATCACGGAGAAAATTTCTATGAATATACAGTGAATCGGAGGGAGAGAGAGAGAAAGATGGAGGGATGGCAATAGCGAAAGTGTGTACCGTACAGG(1)AG(6)A(1)	154	0	154	
Am-AG-11	TCACCCTAGGATTAACCTAATAAATTTTCAGACATTTGAGATGCAGCGTTGCTTAAATATATCTTCTCTCTTCCATCACGGAGAAAATTTCTATGAATATACAGTGAATCGG(1)AG(7)ATGGAGGGATGGCAATAGCGAAAGTGTGTACCGTACAGGAGAGAGA(1)	133	0	133	
Am-CT-5	No data	0	0	0	
Am-ATC-3	CTTGCTTCTATATATTGGAGAAAACATTTTCGATGCAACTTTTTTTCATCT(1)ATC(2)T(1)ATC(2)T(1)ATC(12)TGTTACCAGGCAAAAGCTGATGAAATTGCAAAGCTGATGCATGA(1)	11	0	11	
Am-ATC-3	CTTGCTTCTATATATTGGAGAAAACATTTTCGATGCAACTTTTTTTCATCT(1)ATC(2)T(1)ATC(11)TGTTACCAGGCAAAAGCTGATGAAATTGCAAAGCTGATGCATGA(1)	10	0	10	
Am-CT-2	GTTACAATCAAGAAGATGACTACAGAAGTCAAACGCAGCCCAAAGAATCTGAAATGCTTCAACTTTGACAGCTCCATTTCATTTCAGACAATCAAAAAATTCAATCAATTTGAACAAAATTCAGGCATTTCATGTACTCAAA(1)CT(10)TCACACAAAATAAGAATTTATTGTGGAATTTGGATGCATATCCCGTGACGAAATAAGAAA(1)	15	0	15	
Am-CT-2	Other sequences	6	0	6	
Am-AG-2B	TGGCCTATATTCAACATCTAATTATTTATTCAACATCTAATAGTCGCTTTGAAAACAATGAGA(1)AG(8)TAGCGTATTTGATACGCAAGCACAACACATGTGTCGAAATATCATTTACACCCATTATGAACAGTGCCTAA(1)	82	0	82	
Am-AG-2B	Other sequences	19	0	19	
Am-ATC-2	No data	0	0	0	
