Arm01	TGTGTGTCTATATATC(1)CATA(14)CACATGTATATATAT(1)	156	0	156	
Arm01	TGTGTGTCTATATATC(1)CATA(16)CACATGTATATATAT(1)	138	0	138	
Arm02	AATGGAGGGCCCACTGTACCGCTCATTGATAATTCATTTGGTTGTGCAACAAATGAGCCAGCACAACTTTCTGTTAAACC(1)TACA(9)CAAAGT(1)TACA(1)AACAACTAACTACTAAT(1)	190	0	190	
Arm02	AATGGAGGGCCCACTGTACCGCTCATTGATAATTCATTTGGTTGTGCAACAAATGAGCCAGCACAACTTTCTGTTAAACC(1)TACA(12)CAAAGT(1)TACA(1)AACAACTAACTACTAAT(1)	166	0	166	
Arm03	TTTTCTCTTTCCAATCGTTCAACGCAAACAAATTACAGGTAGAAACAAAAACCCTAATTCTCCATCATCATCATCATCGTTCTCGCATT(1)TACA(7)CATATATAAT(1)TACA(1)	64	0	64	
Arm03	Other sequences	8	0	8	
Arm04	AGTTGTGAGTTAAATCAATCAAAAACCAAAAATACAGATGAAGTGAATCGTTTAATTGATACTATCGAATGGATTAGAATAGTCGGATGCTTGAATCATGACACAATGATTCAGT(1)CATA(18)CACT(1)	908	0	908	
Arm04	Other sequences	206	0	206	
Arm05	ATTATTCGAACTGAATTC(1)AACA(7)TACCTAGGTAAAATACCACTTGAACTACTAGGGTTTGGGGAGAGTGAGATGAGGGCAAACCTTACCTCTATCTCATGGGATAAAGAGACTGCTC(1)	1271	0	1271	
Arm05	Other sequences	116	0	116	
Arm06	CCTTATTGCTAGTTCTCATGTTCCCCATACAGGTACGATGGCAT(1)ACAT(6)TTTAATATATGTAAAGTTCATTTAGAAAATGTTCTATCTTTTGGAAACAGACACTGGTTATCAGTAATATGCAAAGAAT(1)	18	0	18	
Arm06	CCTTATTGCTAGTTCTCATGTTCCCCATACAGGTACGATG(1)ACAT(16)TTTAATATATGTAAAGTTCATTTAGAAAATGTTCTATCTTTTGGAAACAGACACTGGTTATCAGTAATATGCAAAGAAT(1)	4	0	4	
Arm07	TTTGTAGGTATAATCACGCATAATAAT(1)TATG(1)AAACATATATA(1)TATG(2)TGTGGTTTTGTGTGAATAATCGCACATTACTATCGCACAACGTAGATATAAAATTACACAAATACATATTGTAATCACGCCTAGTATAATAGCGTTATAAAAATAAA(1)	26	0	26	
Arm07	TTTGTAGGTATAATCACGCATAATAAT(1)TATG(1)AAACATATATA(1)TATG(5)GTTTTGTGTGAATAATCGCACATTACTATCGCACAACGTAGATATAAAATTACACAAATACATATTGTAATCACGCCTAGTATAATAGCGTTATAAAAATAAA(1)	4	0	4	
Arm08	CATGGCTGCCACACCCACTTCTTAAACCATCATCATTTTCATGT(1)TGTA(6)TGATTGATGATGCATGAGATA(1)	657	0	657	
Arm08	CATGGCTGCCACACCCACTTCTTAAACCATCATCATTTTCATGT(1)TGTA(7)TGATTGATGATGCATGAGATA(1)	624	1	623	
Arm09	AATAGGTTCTTATT(1)TATG(7)TGGTGAATGTACAAGGAAAAACAAGCTTAGTAAGGACAACGAATTATATCAGATCATACAAGTTCTTCCAATATCATGTTCTTTTAAGTCTATTTCGACAGAAAACCAAAAAATGTTTTTCTCCTCATGGTTTTGTTTCTACTT(1)	15	0	15	
Arm09	Other sequences	8	0	8	
Arm10	ACGCCCAAAAGGTTCTTGCTACTTGCACTATATCACATTATATGTGCGTGTA(1)CATA(12)TATA(1)CATA(1)GTGTAGATTT(1)	919	0	919	
Arm10	ACGCCCAAAAGGTTCTTGCTACTTGCACTATATCACATTATATGTGCGTGTA(1)CATA(15)TATA(1)CATA(1)GTGTAGATTT(1)	480	0	480	
Arm11	ATATGTTGTGACTG(1)GT(9)GAACTGATGGGTGATCATTTGGTGTCAACTTCACAGATGACTGAAAGATTCCAAGAAGGAAAATCTGCAGGATTGGAA(1)	731	0	731	
Arm11	ATATGTTGTGACTG(1)GT(8)GAACTGATGGGTGATCATTTGGTTTCAACTTCACAGATGACTGAAAGATTCCAAGAAGGAAAATCTGCAGGATTGGAA(1)	663	0	663	
Armo01	TTGCTTCTTCTCTTTATAGATGTCTACAC(1)AG(9)CTAGTAGGAGGTGAACCCAAAATGGTAACCCGCGTTTTAA(1)	368	0	368	
Armo01	TTGCTTCTTCTCTTTATAGATGTCTACAC(1)AG(8)CTAGTAGGAGGTGAACCCAAAATGGTAACCCGCGTTTTAA(1)	72	0	72	STUTTER:257.6x289(2-1)
Armo02	No data	0	0	0	
Armo03	AAGCCTGGTACACCTCCTCCAGGTCCAGGTCCAGGTCCAGGTCCAGGTCTCCAGGTCCATGGCTCGACAGGTATGGAACCCATGTGGGCTTTTCTGATTCCGGTTATGGTTCAGGTTGGGTTCTTAAATTGACTGTTTTGACTGCAGGTTGAAGAAGGTGGATGGC(1)	144	0	144	
Armo03	Other sequences	30	0	30	
Am-AG-1	ACTTTAGTTTCTTTGGATCAGGAGCAAAAGTAAACCCTAGATGAATATGTAAGGAGGATCACAAGAAGCAGAAGCACAATTATATGCACCAAAA(1)AG(2)GAATAGTTAAAGTATGTTTA(1)AAGG(2)GG(1)AG(6)ATTATGTGAATGGGAGGAAATTTG(1)	1932	0	1932	
Am-AG-1	Other sequences	231	0	231	
Am-AG-10	CCAAATGAAACAATTGGAAATCCTAAAC(1)AG(3)AAATCT(1)AG(4)AAAAAGGCATAAATTTAT(1)AG(9)ATGAACAGA(1)	66	0	66	
Am-AG-10	Other sequences	20	0	20	
Am-AG-4B	TTTGAAGGTTTTTCTTCG(1)AG(2)CA(1)AG(11)TATCGAGCGCGCGTGTGTCAAATAAGGACAAAAATTGACTTTATATGAAAATTTGACCAAAAACAAGAAAAATGGCTAAGTATAGAA(1)	544	0	544	
Am-AG-4B	TTTGAAGGTTTTTCTTCG(1)AG(2)CA(1)AG(10)TATCGAGCGCGCGTGTGTCAAATAAGGACAAAAATTGACTTTATATGAAAATTTGACCAAAAACAAGAAAAATGGCTAAGTATAGAA(1)	410	0	410	
Am-AG-11	TCACCCTAGGATTAACCTAATAAATTTTCAGACATTTGAGATGCAGCGTTGCTTAAATATATCTTCTCTCTTCCATCACGGAGAAAATTTCTATGAATATACAGTGAATCGGAGGGAGAGAGAGAGAAAGATGGAGGGATGGCAATAGCGAAAGTGTGTACCGTACAGG(1)AG(6)A(1)	165	0	165	
Am-AG-11	Other sequences	151	0	151	
Am-CT-5	Other sequences	1	0	1	
Am-ATC-3	Other sequences	10	0	10	
Am-ATC-3	CTTGCTTCTATATATTGGAGAAAACATTTTCGATGCAACTTTTTTTCATCT(1)ATC(2)T(1)ATC(12)TGTTACCAGGCAAAAGCTGATGAAATTGCAAAGCTGATGCATGA(1)	9	0	9	
Am-CT-2	Other sequences	2	0	2	
Am-CT-2	GTTACAATCAAGAAGATGACTACAGAAGTCAAACGCAGCCCAAAGAATCTGAAATGCTTCAACTTTGACAGCTCCATTTCATTTCAGACAATCAAAAAATTCAATCAATTTGAACAAAATTCAGGCATTTCATGTACTCAAA(1)CT(6)TCACACAAAATAAGAATTTATTGTGGAATTTGGATGCATATCCCGTGACGAAATAAGAAA(1)	2	0	2	
Am-AG-2B	TGGCCTATATTCAACATCTAATTATTTATTCAACATCTAATAGTCGCTTTGAAAACAATGAGA(1)AG(8)TAGCGTATTTGATACGCAAGCACAACACATGTGTCGAAATATCATTTGCACCCATTATGAACAGTGCCTAA(1)	1411	0	1411	
Am-AG-2B	TGGCCTATATTCAACATCTAATTATTTATTCAACATCTAATAGTCGCTTTGAAAACAATGAGA(1)AG(9)TAGCGTATTTGATACGCAAGCACAACACATGTGTCGAAATATCATTTGCACCCATTATGAACAGTGCCTAA(1)	574	0	574	
Am-ATC-2	No data	0	0	0	
