Arm01	TGTGTGTCTATATATCCATACATACATACATACATACATACATACATACATACATACATACATACATACACATGTATATATAT	1479	0	1479
Arm01	TGTGTGTCTATATATCCATACATACATACATACATACATACATACATACATACATACATACATACATACATACATACACATGTATATATAT	1264	0	1264
Arm03	TTTTCTCTTTCCAATCGTTCAACGCAAACAAATTACAGGTAGAAACAAAAACCCTAATTCTCCATCATCATCATCATCGTTCTCGCATTTACATACATACATACATACATACATACACATATATAATTACA	2458	0	2458
Arm03	Other sequences	189	0	189
Arm04	AGTTGTGAGTTAAATCAATCAAAAACCAAAAATACAGATGAAGTGAATCGTTTAATTGATACTATCGAATGGATTAGAATAGTCGGATGCTTGAATCATGACACAATGATTCAGTCATACATACATACATACATACATACATACATACATACATACATACATACATACATACATACACT	3872	0	3872
Arm04	Other sequences	1083	0	1083
Arm06	CCTTATTGCTAGTTCTCATGTTCCCCATACAGGTACGATGGCATACATACATACATACATACATACATTTTAATATATGTAAAGTTCATTTAGAAAATGTTCTATCTTTTGGAAACAGACACTGGTTATCAGTAATATGCAAAGAAT	1356	0	1356
Arm06	CCTTATTGCTAGTTCTCATGTTCCCCATACAGGTACGATGACATACATACATACATACATACATACATACATTTTAATATATGTAAAGTTCATTTAGAAAATGTTCTATCTTTTGGAAACAGACACTGGTTATCAGTAATATGCAAAGAAT	862	0	862
Arm07	TTTGTAGGTATAATCACGCATAATAATTATGAAACATATATATATCTATGTATGTATGTATGTATGTATGTATGTATGTATGGTTTTCTGTGAATAATCGCACATTACTATCACACAACGTAGATATAAAATTAAACAAATACATATTGTAATCACGCCTAGTATAATAGCGTTATAAAAATAAA	5	0	5
Arm08	CATGGCTGCCACACCCACTTCTTAAACCATCATCATTTTCATGTTGTATGTATGTATGTATGATTGATGATGCATGAGATA	3097	0	3097
Arm08	CATGGCTGCCACACCCACTTCTTAAACCATCATCATTTTCATGTTGTATGTATGTATGTATGTATGTATGTATGATTGATGATGCATGAGATA	2392	0	2392
Arm11	ATATGTTGTGACTGGTGTGTGTGTGTGTGTGTGAACTGATGGGTGATCATTTGGTGTCAACTTCACAGATGACTGAAAGATTCCAAGAAGGAAAATCTGCAGGATTGGAA	2032	0	2032
Arm11	ATATGTTGTGACTGGTGTGTGTGTGTGTGTGTGAACTGATGGTTGATCATTTGGTGTCAACTTCACAGATGACTGAAAGATTCCAAGAAGGAAAATCTGCAGGATTGGAA	1691	0	1691
