Arm01	TGTGTGTCTATATATCCATACATACATACATACATACATACATACATACATACATACATACATACATACATACATACATACACATGTATATATAT	393	393	0
Arm01	TGTGTGTCTATATATCCATACATACATACATACATACATACATACATACATACATACATACATACATACATAAATACACATGTATATATAT	109	109	0
Arm02	AATGGAGGGCCCACTGTACCGCTCATTGATAATTCATTTGGTTGTGCAACAAATGAGCCAGCACAACTTTCTGTTAAACCTACATACATACATACATACATACATACATACACAAAGTTACAAACAACTAACTACTAAT	471	471	0
Arm02	AATGGAGGGCCCACTGTACCGCTCATTGATAATTCATTTGGTTGTGCAACAAATGAGCCAGCACAACTTTCTGTTAAACCTACATACATACATACATACATACATACATACATACATACATACATACACAAAGTTACAAACAACTAACTACTAAT	264	264	0
Arm03	Other sequences	2	2	0
Arm04	Other sequences	2	2	0
Arm04	AGTTGTGAGTTAAATCAATCAAAAACCAAAAATACAGATGAAGTGAATCGTTTAATTGATACTATCGAATGGATTAGAATAGTCGGATGCTTGAATCATGACACAATGATTCAGTCATACATACATACATACATACATACATACATACATACATACATACATACATACATACATACACT	2	2	0
Arm05	ATTATTCGAACTGAATTCAACAAACAAACAAACAAACAAACAAACATACCTAGGTAAAATACCACTTGAACTACTAGGGTTTGTGGAGAGTGAGATGAGGGCAAACCTTACCTCTATCTCATGGGATAAAGAGACTGCTC	3	3	0
Arm05	Other sequences	1	1	0
Arm06	Other sequences	2	2	0
Arm07	No data	0	0	0
Arm08	Other sequences	1	1	0
Arm09	Other sequences	3	3	0
Arm10	ACGCCCAAAAGGTTCTTGCTACTTGCACTATATCACATTATATGTGCGTGTACATACATACATACATACATACATACATACATACATACATACATATATACATAGTGTAGATTT	195	195	0
Arm10	ACGCCCAAAAGGTTCTTGCTACTTGCACTATATCACATTATATGTGCGTGTACATACATACATACATATATACATAGTGTAGATTT	34	34	0
Arm11	ATATGTTGTGACTGGTGTGTGTGTGTGTGTGTGAACTGATGGGTGATCATTTGGTGTCAACTTCACAGATGACTGAAAGATTCCAAGAAGGAAAATCTGCAGGATTGGAA	4	4	0
Arm11	Other sequences	1	1	0
Armo01	Other sequences	3	3	0
Armo02	No data	0	0	0
Armo03	AAGCCTGGTACACCTCCTCCAGGTCCAGGTCCAGGTCCAGGTCCAGGTCTCCAGGTCCATGGCTCGACAGGTATGGAACCCATGTGGGCTTTTCTGATTCCGGTTATGGTTCAGGTTGGGTTCTTAAATTGACTGTTTTGACTGCAGGTTGAAGAAGGTGGATGGC	6	6	0
Am-AG-1	ACTTTAGTTTCTTTGGATCAGGAGCAAAAGTAAACCCTAGATGAATATGTAAGGAGGATCACAAGAAGCAGAAGCACAATTATATGCACCAAAAAGAGGAATAGTTAAAGTATGTTTAAAGGAAGGGGAGAGAGAGAGAGATTATGTGAATGGGAGGAAATTTG	2141	2141	0
Am-AG-1	ACTTTAGTTTCTTTGGATCAGGAGCAAAAGTAAACCCTAGATGAATATGTAAGGAGGATCACAAGAAGCAGAAGCACAATTATATGCACCAAAAAGAGGAATAGTTAAAGTATGTTTAAAGGAAGGGGAAAGAGAGAGAGAGATTATGTGAATGGGAGGAAATTTG	1785	1785	0
Am-AG-10	CCAAATGAAACAATCGGAAATCCTAAACAGAGAGAAATCTAGAGAGAGAAAAAGGCATAAATTTATAGAGAGAGAGAGAGAGAGATGAACAGA	746	746	0
Am-AG-10	Other sequences	31	31	0
Am-AG-4B	TTTGAAGGTTTTTCTTCGAGAGCAAGAGAGAGAGAGAGAGAGAGAGAGAGTATCGAGCGCGCGTGTGTCAAATAAGGACAAAAATTGACTTTATATGAAAATTTGACCAAAAACAAGAAAAATGGCTAAGTATAGAA	1288	1288	0
Am-AG-4B	TTTGAAGGTTTTTCTTCGAGAGCAAGAGAGAGAGAGAGAGAGAGAGAGTATCGAGCGCGCGTGTGTCAAATAAGGACAAAAATTGACTTTATATGAAAATTTGACCAAAAACAAGAAAAATGGCTAAGTATAGAA	1086	1086	0
Am-AG-11	TCACCCTAGGATTAACCTAATAAATTTTCAGACATTTGAGATGCAGCGTTGCTTAAATATATCTTCTCTCTTCCATCACGGAGAAAATTTCTATGAATATACAGTGAATCGGAGAGAGAGAGAGATGGAGGGATGGCAATAGCGAAAGTGTGTACCGTACAGGAGAGAGA	2531	2531	0
Am-AG-11	TCACCCTAGGATTAACCTAATAAATTTTCAGACATTTGAGATGCAGCGTTGCTTAAATATATCTTCTCTCTTCCATCACGGAGAAAATTTCTATGAATATACAGTGAATCGGAGGGAGAGAGAGAGAAAGATGGAGGGATGGCAATAGCGAAAGTGTGTACCGTACAGGAGAGAGAGAGAGA	762	762	0
Am-CT-5	TCATAATTGCTTCCCTTTATATCTCTCTCATACAAACGCCACCGCCCTCGGTCATTATTACTTTCCATTGTCTTCTTC	2	2	0
Am-CT-5	Other sequences	1	1	0
Am-ATC-3	CTTGCTACTATATATTGGAGAAAGCATTTTCGCTGCAACTTTTTTTCATCTATCATCTATCATCATCATCATCATCATCATCATCATCTGTTACCAGGCAAAAGCTGATGAAATTGCAAAGCTGATGCATGA	50	50	0
Am-ATC-3	CTTGCTTCTATATATTGGAGAAAACATTTTCGATGCAACTTTTTTTCATCTATCATCTATCATCATCATCATCATCATCATCATCATCATCATCATCTGTTACCAGGCAAAAGCTGATGAAATTGCAAAGCTGATGCATGA	14	14	0
Am-CT-2	GTTACAATCAAGAAGATGACTACAGAAGTCAAACGCAGCCCAAAGAATCTGAAATGCTTCAACTTTGACAGCTCCATTTCATTTCAGACAATCAAAAAATTCAATCAATTTGAACAAAATTCAGGCATTTCATGTACTCAAACTCTCTCTCTCTCTCTCTCTTCACACAAAATAAGAATTTATTGTGGAATTTGGATGCATATCCCGTGACGAAATAAGAAA	38	38	0
Am-CT-2	Other sequences	12	12	0
Am-AG-2B	TTGCCTATATTCAACATCTAATTATTTATTCAACATCTAATAGTCGCTTTGAAAACAATGAGAAGAGAGAGAGAGAGAGTAGCGTATTTGATACGCAAGCACAACACATGTGTCGAAATATCATTTGCACCCATTATGAACAGTGCCTAA	1133	1133	0
Am-AG-2B	TGGCCTATATTCAACATCTAATTATTTATTCAACATCTAATAGTCGCTTTGAAAACAATGAGAAGAGAGAGAGAGAGAGAGTAGCGTATTTGATACGCAAGCACAACACATGTGTCGAAATATCATTTGCACCCATTATGAACAGTGCCTAA	795	795	0
Am-ATC-2	AACCTACAATATCATCATCATCATCATCATCATCATCATCATCATCATCATCATCATAAAATGCAGCAGAGTCAGAAATAAGGAGTGTTTCGTTTGAGGGTATGGATTTTATAGTGTTTAAGTACAAGGGAATGGTGTCGGTGCCCATAAAATTGGGAATCCTCCATACCCACTATTCCACTAAACACGTTAGGTTTATAAATCCATA	12	12	0
Am-ATC-2	AACCTACAATATCATCATCATCATCATCATCATCATCATCATCATAAAATGCAGCAGAGTCAGAAATAAGGAGTGTTTCGTTTGAGGGTATGGATTTTATAGTGTTTAAGTACAAGGGAATGGTGTCGGTGCCCATAAAATTGGGAATCCTCCATACCCACTATTCCACTAAACACGTTAGGTTTATAAATCCATA	12	12	0
