Arm01	TGTGTGTCTATATATCCATACATACATACATACATACATACATACATACATACATACATACACATGTATATATAT	56	56	0
Arm01	TGTGTGTCTATATATCCATACATACATACATACATACATACATACATACATACATACATACATACATACATACATACATACATACATACATACATACACATGTATATATAT	14	14	0
Arm02	AATGGAGGGCCCACTGTACCGCTCATTGATAATTCATTTGGTTGTGCAACAAATGAGCCAGCACAACTTTCTGTTAAACCTACATACATACATACATACATACATACATACATACACAAAGTTACAAACAACTAACTACTAAT	219	219	0
Arm02	Other sequences	47	47	0
Arm03	Other sequences	1	1	0
Arm04	AGTTGTGAGTTAAATCGATCAAAAACCAAACATACAGATTAAGTGAATCGTTTAATTGATACTATCGAATGGATTAGAATAGTCGGATGCTTGAATCATGACACACACACACACACACT	113	113	0
Arm04	Other sequences	38	38	0
Arm05	No data	0	0	0
Arm06	No data	0	0	0
Arm07	No data	0	0	0
Arm08	No data	0	0	0
Arm09	No data	0	0	0
Arm10	ACGCCCAAAAGGTTCTTGCTACTTGCACTATATCACATTATATGTGCGTGTACATACATACATACATACATAGTGTAGATTT	259	259	0
Arm10	Other sequences	31	31	0
Arm11	ATATGTTGTGACTGGTGTGTGTGTGAACTGATGGGTGATCATTTGGTGTCAACTTCACAGATGACTGAAAGATTCCAAGAAGGAAAATCTGCAGGATTGGAA	40	40	0
Arm11	ATATGTTGTGACTGGTGTGTGTGTGTGTGTGAACTGATGGGTGATCATTTGGTTTCAACTTCACAGATGACTGAAAGATTCCAAGAAGGAAAATCTGCAGGATTGGAA	15	15	0
Armo01	No data	0	0	0
Armo02	No data	0	0	0
Armo03	No data	0	0	0
Am-AG-1	ACTTTAGTTTCTTTGGATCAGGAGCAAAAGTAAACCCTAGATGAATATGTAAGGAGGATCACAAGAAGCAGAAGCACAATTATATGCACCAAAAAGAGGAATAGTTAAAGTATGTTTAAAGGAAGGGGAAAGAGAGAGAGATTATGTGAATGGGAGGAAATTTG	262	262	0
Am-AG-1	ACTTTAGTTTCTTTGGATCAGGAGCAAAAGTAAACCCTAGATGAATATGTAAGGAGGATCACAAGAAGCAGAAGCACAATTATATGCACCAAAAAGAGGAATAGTTAAAGTATGTTTAAAGGAAGGGGAGAGAGAGAGAGAGATTATGTGAATGGGAGGAAATTTG	220	220	0
Am-AG-10	CCAAATGAAACAATTGGAAATCCTAAACAGAGAGAAATCTAGAGAGAGAAAAAGGCATAAATTTATAGAGAGAGAGAGAGAGAGATGAACAGA	194	194	0
Am-AG-10	Other sequences	35	35	0
Am-AG-4B	TTTGAAGGTTTTTCTTCGAGAGCAAGAGAGAGAGAGAGAGAGTATCGAGCGCGCGTGTGTCAAATAAGGACAAAAATTGACTTTATATGAAAATTTGACCAAAAACAAGAAAAATGGCTAAGTATAGAA	139	139	0
Am-AG-4B	TTTGAAGGTTTTTCTTCGAGAGCAAGAGAGAGAGAGAGAGAGAGAGTATCGAGCGCGCGTGTGTCAAATAAGGACAAAAATTGACTTTATATGAAAATTTGACCAAAAACAAGAAAAATGGCTAAGTATAGAA	107	107	0
Am-AG-11	TCACCCTAGGATTAACCTAATAAATTTTCAGACATTTGAGATGCAGCGTTGCTTAAATATATCTTCTCTCTTCCATCACGGAGAAAATTTCTATGAATATACAGTGAATCGGAGGGAGAGAGAGAGAAAGATGGAGGGATGGCAATAGCGAAAGTGTGTACCGTACAGGAGAGAGAGAGAGA	570	570	0
Am-AG-11	Other sequences	159	159	0
Am-CT-5	No data	0	0	0
Am-ATC-3	Other sequences	1	1	0
Am-CT-2	No data	0	0	0
Am-AG-2B	No data	0	0	0
Am-ATC-2	Other sequences	1	1	0
