Arm01	TGTGTGTCTATATATCCATACATACATACATACATACATACATACATACATACATACATACATACATACATACACATGTATATATAT	802	0	802
Arm01	TGTGTGTCTATATATCCATACATACATACATACATACATACATACATACATACATACATACATACATACACATGTATATATAT	101	0	101
Arm02	AATGGAGGGCCCACTGTACCGCTCATTGATAATTCATTTGGTTGTGCAACAAATGAGCCAGCACAACTTTCTGTTAAACCTACATACATACATACATACATACATACATACATACATACATACATACACAAAGTTACAAACAACTAACTACTAAT	12	0	12
Arm02	Other sequences	6	0	6
Arm03	No data	0	0	0
Arm04	Other sequences	5	0	5
Arm04	AGTTGTGAGTTAAATCAATCAAAAACCAAAAATACAGATGAAGTGAATCGTTTAATTGATACTATCGAATGGATTAGAATAGTCGGATGCTTGAATCATGACACAATGATTCAGTCATACATACATACATACATACATACATACATACATACATACACT	4	0	4
Arm05	ATTATTCGAACTGAATTCAACAAACAAACAAACAAACATACCTAGGTAAAATACCACTTGAACTACTAGGGTTTGGGGAGAGTGAGATGAGGGCAAACCTTACCTCTATCTCATGGGATAAAGAGACTGCTC	3	0	3
Arm05	ATTATTCGAACTGAATTCAACAAACAAACAAACAAACAAACAAACATACCTAGGTAAAATACCACTTGAACTACTAGGGTTTGGGGAGAGTGAGATGAGGGCAAACCTTACCTCTATCTCATGGGATAAAGAGACTGCTC	3	0	3
Arm06	No data	0	0	0
Arm07	No data	0	0	0
Arm08	AACGG	35	0	35
Arm08	CATGGCTGCCACACCCACTTCTTAAACCATCATCATTTTCATGTTGTATGTATGTATGTATGTATGTATGATTGATGATGCATGAGATA	9	0	9
Arm09	No data	0	0	0
Arm10	ACGCCCAAAAGGTTCTTGCTACTTGCACTATATCACATTATATGTGCGTGTACATACATACATACATACATATATACATAGTGTAGATTT	2218	0	2218
Arm10	ACGCCCAAAAGGTTCTTGCTACTTGCACTATATCACATTATATGTGCGTGTACATACATACATACATACATACATACATACATACATATATACATAGTGTAGATTT	294	0	294
Arm11	ATATGTTGTGACTGGTGTGTGTGTGTGTGTGTGAACTGATGGGTGATCATTTGGTGTCAACTTCACAGATGACTGAAAGATTCCAAGAAGGAAAATCTGCAGGATTGGAA	10	0	10
Arm11	ATATGTTGTGACTGGTGTGTGTGTGTGTGTGTGAACTGATGGTTGATCATTTGGTGTCAACTTCACAGATGACTGAAAGATTCCAAGAAGGAAAATCTGCAGGATTGGAA	8	0	8
Armo01	CT	9	0	9
Armo01	TTGCTTCTTCTCTTTATAGATGTCTACACAGAGAGAGAGAGAGAGAGAGATAGAGCTAGTAGGAGGTGAACCCAAAATGGTAACCCACGTTTTAA	3	0	3
Armo02	No data	0	0	0
Armo03	No data	0	0	0
Am-AG-1	ACTTTAGTTTCTTTGGATCAGGAGCAAAAGTAAACCCTAGATGAATATGTAAGGAGGATCACAAGAAGCAGAAGCACAATTATATGCACCAAAAAGAGGAATAGTTAAAGTATGTTTAAAGGAAGGGGAAAGAGAGAGAGATTATGTGAATGGGAGGAAATTTG	1470	0	1470
Am-AG-1	ACTTTAGTTTCTTTGGATCAGGAGCAAAAGTAAACCCTAGATGAATATGTAAGGAGGATCACAAGAAGCAGAAGCACAATTATATGCACCAAAAAGAGGAATAGTTAAAGTATGTTTAAAGGAAGGGGAAAGAGAGAGAGAGATTATGTGAATGGGAGGAAATTTG	1211	0	1211
Am-AG-10	CCAAATGAAACAATCGGAAATCCTAAACAGAGAGAAAAAGGCATAAATTTATAGAGAGAGAGAGAGAGAGAGATGAACAGA	383	0	383
Am-AG-10	CCAAATGAAACAATTGGAAATCCTAAACAGAGAGAAATCTAGAGAGAGAAAAAGGCATAAATTTATAGAGAGAGAGAGAGAGAGATGAACAGA	80	0	80
Am-AG-4B	TTTGAAGGTTTTTCTTCGAGAGCAAGAGAGAGAGAGAGAGTATCGAGCGCGCGTGTGTCAAATAAGGACAAAAATTGACTTTATATGAAAATTTGACCAAAAACAAGAAAAATGGCTAAGTATAGAA	721	0	721
Am-AG-4B	TTTGAAGGTTTTTCTTCGAGAGCAAGAGAGAGAGAGAGAGAGAGAGTATCGAGCGCGCGTGTGTCAAATAAGGACAAAAATTGACTTTATATGAAAATTTGACCAAAAACAAGAAAAATGGCTAAGTATAGAA	236	0	236
Am-AG-11	TCACCCTAGGATTAACCTAATAAATTTTCAGACATTTGAGATGCAGCGTTGCTTAAATATATCTTCTCTCTTCCATCACGGAGAAAATTTCTATGAATATACAGTGAATCGGAGAGAGAGAGAGAGATGGAGGGATGGCAATAGCGAAAGTGTGTACCGTACAGGAGAGAGA	426	0	426
Am-AG-11	Other sequences	139	0	139
Am-CT-5	TCATAATTGCTTCCCTTTATATCTCTATCTCTCTCTCTCATACAACGCCACCGCCCACGGTCATTATTACTTTCCATTGTCTTCTTC	2	0	2
Am-CT-5	Other sequences	1	0	1
Am-ATC-3	CTTGCTACTATATATTGGAGAAAGCATTTTCGCTGCAACTTTTTTTCATCTATCATCTATCATCATCATCATCATCATCATCATCATCATCTGTTACCAGGCAAAAGCTGATGAAATTGCAAAGCTGATGCATGA	357	0	357
Am-ATC-3	Other sequences	55	0	55
Am-CT-2	Other sequences	4	0	4
Am-CT-2	GTTACAATCAAGAAGATGACTACAGAAGTCAAACGCAGCCCAAAGAATCTGAAATGCTTCAACTTTGACAGCTCCATTTCATTTCAGACAATCAAAAAATTCAATCAATTTGAACAAAATTCAGGCATTTCATGTACTCAAACTCTCTCTCTCTCTCTCTCTTCACACAAAATAAGAATTTATTGTGGAATTTGGATGCATATCCCGTGACGAAATAAGAAA	3	0	3
Am-AG-2B	TGGCCTATATTCAACATCTAATTATTTATTCAACATCTAATAGTCGCTTTGAAAACAATGAGAAGAGAGAGAGAGAGAGTAGCGTATTTGATACGCAAGCACAACACATGTGTCGAAATATCATTTGCACCCATTATGAACAGTGCCTAA	2402	0	2402
Am-AG-2B	TGGCCTATATTCAACATCTAATTATTTATTCAACATCTAATAGTCGCTTTGAAAACAATGAGAAGAGAGAGAGAGAGAGAGTAGCGTATTTGATACGCAAGCACAACACATGTGTCGAAATATCATTTGCACCCATTATGAACAGTGCCTAA	1601	1	1600
Am-ATC-2	AACCTACAATATCATCATCATCATCATCATCATCATCATCATCATCATCATAAAATGCAGCAGAGTCAGAAATAAGGAGTGTTTCGTTTGAGGGTATGGATTTTATAGTGTTTAAGTACAAGGGAATGGTGTCGGTGCCCATAAAATTGGGAATCCTCCATACCCACTATTCCACTAAACACGTTAGGTTTATAAATCCATA	7	0	7
Am-ATC-2	AACCTACAATATCATCATCATCATCATCATCATCATCATCATCATCATCATCATCATAAAATGCAGCAGAGTCAGAAATAAGGAGTGTTTCGTTTGAGGGTATGGATTTTATAGTGTTTAAGTACAAGGGAATGGTGTCGGTGCCCATAAAATTGGGAATCCTCCATACCCACTATTCCACTAAACACGTTAGGTTTATAAATCCATA	6	0	6
