Arm01	TGTGTGTCTATATATCCATACATACATACATACATACATACATACATACATACATACATACATACATACATACACATGTATATATAT	173	0	173
Arm01	Other sequences	22	0	22
Arm02	AATGGAGGGCCCACTGTACCGCTCATTGATAATTCATTTGGTTGTGCAACAAATGAGCCAGCACAACTTTCTGTTAAACCTACATACATACATACATACATACATACATACATACACAAAGTTACAAACAACTAACTACTAAT	38	0	38
Arm02	AATGGAGGGCCCACTGTACCGCTCATTGATAATTCATTTGGTTGTGCAACAAATGAGCCAGCACAACTTTCTGTTAAACCTACATACATACATACATACATACATACATACATACATACACAAAGTTACAAACAACTAACTACTAAT	31	0	31
Arm03	No data	0	0	0
Arm04	AGTTGTGAGTTAAATCAATCAAAAACCAAAAATACAGATGAAGTGAATCGTTTAATTGATACTATCGAATGGATTAGAATAGTCGGATGCTTGAATCATGACACAATGATTCAGTCATACATACATACATACATACATACATACATACATACATACATACATACATACACT	4	0	4
Arm04	AGTTGTGAGTTAAATCAATCAAAAACCAAAAATACAGATGAAGTGAATCGTTTAATTGATACTATCGAATGGATTAGAATAGTCGGATGCTTGAATCATGACACAATGATTCAGTCATACATACATACATACATACATACATACATACATACATACATACATACATACATACACT	2	0	2
Arm05	ATTATTCGAACTGAATTCAACAAACAAACAAACAAACAAACAAACATACCTAGGTAAAATACCACTTGAACTACTAGGGTTTGGGGAGAGTGAGATGAGGGCAAACCTTACCTCTATCTCATGGGATAAAGAGACTGCTC	3	0	3
Arm06	No data	0	0	0
Arm07	No data	0	0	0
Arm08	Other sequences	1	0	1
Arm09	No data	0	0	0
Arm10	ACGCCCAAAAGGTTCTTGCTACTTGCACTATATCACATTATATGTGCGTGTACATACATACATACATATATACATAGTGTAGATTT	908	0	908
Arm10	Other sequences	61	0	61
Arm11	ATATGTTGTGACTGGTGTGTGTGTGTGTGTGTGAACTGATGGTTGATCATTTGGTGTCAACTTCACAGATGACTGAAAGATTCCAAGAAGGAAAATCTGCAGGATTGGAA	29	0	29
Arm11	Other sequences	10	0	10
Armo01	Other sequences	2	0	2
Armo02	No data	0	0	0
Armo03	Other sequences	1	0	1
Am-AG-1	ACTTTAGTTTCTTTGGATCAGGAGCAAAAGTAAACCCTAGATGAATATGTAAGGAGGATCACAAGAAGCAGAAGCACAATTATATGCACCAAAAAGAGGAATAGTTAAAGTATGTTTAAAGGAAGGGGAGAGAGAGAGAGATTATGTGAATGGGAGGAAATTTG	471	0	471
Am-AG-1	Other sequences	94	0	94
Am-AG-10	CCAAATGAAACAATCGGAAATCCTAAACAGAGAGAAAAAGGCATAAATTTATAGAGAGAGAGAGAGAGAGAGAGATGAACAGA	41	0	41
Am-AG-10	Other sequences	13	0	13
Am-AG-4B	TTTGAAGGTTTTTCTTCGAGAGCAAGAGAGAGAGAGAGAGAGAGAGAGAGTATCGAGCGCGCGTGTGTCAAATAAGGACAAAAATTGACTTTATATGAAAATTTGACCAAAAACAAGAAAAATGGCTAAGTATAGAA	71	0	71
Am-AG-4B	TTTGAAGGTTTTTCTTCGAGAGCAAGAGAGAGAGAGAGAGAGAGAGAGTATCGAGCGCGCGTGTGTCAAATAAGGACAAAAATTGACTTTATATGAAAATTTGACCAAAAACAAGAAAAATGGCTAAGTATAGAA	43	0	43
Am-AG-11	TCACCCTAGGATTAACCTAATAAATTTTCAGACATTTGAGATGCAGCGTTGCTTAAATATATCTTCTCTCTTCCATCACGGAGAAAATTTCTATGAATATACAGTGAATCGGAGAGAGAGAGAGATGGAGGGATGGCAATAGCGAAAGTGTGTACCGTACAGGAGAGAGA	79	0	79
Am-AG-11	TCACCCTAGGATTAACCTAATAAATTTTCAGACATTTGAGATGCAGCGTTGCTTAAATATATCTTCTCTCTTCCATCACGGAGAAAATTTCTATGAATATACAGTGAATCGGAGAGAGAGAGAGAGATGGAGGGATGGCAATAGCGAAAGTGTGTACCGTACAGGAGAGAGA	61	0	61
Am-CT-5	No data	0	0	0
Am-ATC-3	Other sequences	1	0	1
Am-CT-2	Other sequences	1	0	1
Am-AG-2B	TGGCCTATATTCAACATCTAATTATTTATTCAACATCTAATAGTCGCTTTGAAAACAATGAGAAGAGAGAGAGAGAGAGTAGCGTATTTGATACGCAAGCACAACACATGTGTCGAAATATCATTTGCACCCATTATGAACAGTGCCTAA	15	0	15
Am-AG-2B	TGGCCTATATTCAACATCTAATTATTTATTCAACATCTAATAGTCGCTTTGAAAACAATGAGAAGAGAGAGAGAGAGTAGCGTATTTGATACGCAAGCACAACACATGTGTCGAAATATCATTTGCACCCATTATGAACAGTGCCTAA	4	0	4
Am-ATC-2	No data	0	0	0
