Arm01	TGTGTGTCTATATATCCATACATACATACATACATACATACATACATACATACATACATACATACATACATACACATGTATATATAT	596	0	596
Arm01	TGTGTGTCTATATATCCATACATACATACATACATACATACATACATACATACATACATACATACATACATACATACACATGTATATATAT	491	0	491
Arm02	AATGGAGGGCCCACTGTACCGCTCATTGATAATTCATTTGGTTGTGCAACAAATGAGCCAGCACAACTTTCTGTTAAACCTACATACATACATACATACATACATACATACATACATACATACATACACAAAGTTACAAACAACTAACTACTAAT	1239	0	1239
Arm02	Other sequences	154	0	154
Arm03	Other sequences	3	0	3
Arm04	AGTTGTGAGTTAAATCAATCAAAAACCAAAAATACAGATGAAGTGAATCGTTTAATTGATACTATCGAATGGATTAGAATAGTCGGATGCTTGAATCATGACACAATGATTCAGTCATACATACATACATACATACATACATACATACATACATACACT	453	0	453
Arm04	AGTTGTGAGTTAAATCAATCAAAAACCAAAAATACAGATGAAGTGAATCGTTTAATTGATACTATCGAATGGATTAGAATAGTCGGATGCTTGAATCATGACACAATGATTCAGTCATACATACATACATACATACATACATACATACATACATACATACATACATACATACACT	235	0	235
Arm05	ATTATTCGAACTGAATTCAACAAACAAACAAACAAACAAACAAACATACCTAGGTAAAATACCACTTGAACTACTAGGGTTTGGGGAGAGTGAGATGAGGGCAAACCTTACCTCTATCTCATGGGATAAAGAGACTGCTC	171	0	171
Arm05	Other sequences	18	0	18
Arm06	CCTTATTGCTAGTTCTCATGTTCCCCATACAGGTACGATGACATACATACATACATACATACATACATTTTAATATATGTAAAGTTCATTTAGAAAATGTTCTATCTTTTGGAAACAGACACTGGTTATCAGTAATATGCAAAGAAT	4	0	4
Arm06	Other sequences	2	0	2
Arm07	No data	0	0	0
Arm08	CATGGCTGCCACACCCACTTCTTAAACCATCATCATTTTCATGTTGTATGTATGTATGTATGTATGTATGTATGTATGTATGTATGTATGTATGATTGATGATGCATGAGATA	16	0	16
Arm08	TATGGCTGTCACACCCACTTCTTAAACCATCATCATTTTCATGTTGTATGTATGTATGTATGTATGTATGTATGATTGATGATGCATGAGATA	6	0	6
Arm09	AATAGGTTCTTATTTATGTATGTATGTATGTATGTATGTATGTGGTGAATGTACAAGGAAAAACAAGCTTAGTAAGGACAACGAATTATATCAGATCATACAAGTTCTTCCAATATCATGTTCTTTTAAGTCTATTTCGACAGAAAACCAAAAAATGTTTTTCTCCTCATGGCTTTGTTTCTACTT	4	0	4
Arm09	Other sequences	1	0	1
Arm10	ACGCCCAAAAGGTTCTTGCTACTTGCACTATATCACATTATATGTGCGTGTACATACATACATACATATATACATAGTGTAGATTT	2188	0	2188
Arm10	Other sequences	78	0	78
Arm11	ATATGTTGTGACTGGTGTGTGTGTGTGTGTGTGAACTGATGGTTGATCATTTGGTGTCAACTTCACAGATGACTGAAAGATTCCAAGAAGGAAAATCTGCAGGATTGGAA	844	0	844
Arm11	ATATGTTGTGACTGGTGTGTGTGTGTGTGTGAACTGATGGTTGATCATTTGGTGTCAACTTCACAGATGACTGAAAGATTCCAAGAAGGAAAATCTGCAGGATTGGAA	156	0	156
Armo01	Other sequences	5	0	5
Armo02	No data	0	0	0
Armo03	AAGCCTGGTACACCTCCTCCAGGTCCAGGTCCAGGTCCAGGTCCAGGTCTCCAGGTCCATGGCTCGACAGGTATGGAACCCATGTGGGCTTTTCTGATTCCGGTTATGGTTCAGGTTGGGTTCTTAAATTGACTGTTTTGACTGCAGGTTGAAGAAGGTGGATGGC	7	0	7
Armo03	Other sequences	1	0	1
Am-AG-1	ACTTTAGTTTCTTTGGATCAGGAGCAAAAGTAAACCCTAGATGAATATGTAAGGAGGATCACAAGAAGCAGAAGCACAATTATATGCACCAAAAAGAGGAATAGTTAAAGTATGTTTAAAGGAAGGGGAGAGAGAGAGAGATTATGTGAATGGGAGGAAATTTG	2326	0	2326
Am-AG-1	Other sequences	286	0	286
Am-AG-10	CCAAATGAAACAATCGGAAATCCTAAACAGAGAGAAAAAGGCATAAATTTATAGAGAGAGAGAGAGAGAGAGAGATGAACAGA	149	0	149
Am-AG-10	CCAAATGAAACAATTGGAAATCCTAAACAGAGAGAAATCTAGAGAGAGAAAAAGGCATAAATTTATAGAGAGAGAGAGAGAGAGATGAACAGA	46	0	46
Am-AG-4B	TTTGAAGGTTTTTCTTCGAGAGCAAGAGAGAGAGAGAGAGAGAGAGAGAGTATCGAGCGCGCGTGTGTCAAATAAGGACAAAAATTGACTTTATATGAAAATTTGACCAAAAACAAGAAAAATGGCTAAGTATAGAA	607	0	607
Am-AG-4B	TTTGAAGGTTTTTCTTCGAGAGCAAGAGAGAGAGAGAGAGAGAGAGAGTATCGAGCGCGCGTGTGTCAAATAAGGACAAAAATTGACTTTATATGAAAATTTGACCAAAAACAAGAAAAATGGCTAAGTATAGAA	505	0	505
Am-AG-11	TCACCCTAGGATTAACCTAATAAATTTTCAGACATTTGAGATGCAGCGTTGCTTAAATATATCTTCTCTCTTCCATCACGGAGAAAATTTCTATGAATATACAGTGAATCGGAGAGAGAGAGAGATGGAGGGATGGCAATAGCGAAAGTGTGTACCGTACAGGAGAGAGA	1442	0	1442
Am-AG-11	Other sequences	175	0	175
Am-CT-5	Other sequences	1	0	1
Am-ATC-3	CTTGCTTCTATATATTGGAGAAAACATTTTCGATGCAACTTTTTTTCATCTATCATCTATCATCATCATCATCATCATCATCATCATCTGTTACCAGGCAAAAGCTGATGAAATTGCAAAGCTGATGCATGA	54	0	54
Am-ATC-3	CTTGCTTCTATATATTGGAGAAAACATTTTCGATGCAACTTTTTTTCATCTATCATCTATCATCATCATCATCATCATCATCATCATCATCTGTTACCAGGCAAAAGCTGATGAAATTGCAAAGCTGATGCATGA	41	0	41
Am-CT-2	GTTACAATCAAGAAGATGACTACAGAAGTCAAACGCAGCCCAAAGAATCTGAAATGCTTCAACTTTGACAGCTCCATTTCATTTCAGACAATCAAAAAATTCAATCAATTTGAACAAAATTCAGGCATTTCATGTACTCAAACTCTCTCTCTCTCTCTCTCTTCACACAAAATAAGAATTTATTGTGGAATTTGGATGCATATCCCGTGACGAAATAAGAAA	4	0	4
Am-CT-2	Other sequences	1	0	1
Am-AG-2B	TGGCCTATATTCAACATCTAATTATTTATTCAACATCTAATAGTCGCTTTGAAAACAATGAGAAGAGAGAGAGAGAGAGAGAGTAGCGTATTTGATACGCAAGCACAACACATGTGTCGAAATATCATTTGCACCCATTATGAACAGTGCCTAA	1386	0	1386
Am-AG-2B	TGGCCTATATTCAACATCTAATTATTTATTCAACATCTAATAGTCGCTTTGAAAACAATGAGAAGAGAGAGAGAGAGAGAGTAGCGTATTTGATACGCAAGCACAACACATGTGTCGAAATATCATTTGCACCCATTATGAACAGTGCCTAA	182	0	182
Am-ATC-2	AACCTACAATATCATCATCATCATCATCATCATCATCATCATAAAATGCAGCAGAGTCAGAAATAAGGAGTGTTTCGTTTGAGGGTATGGATTTTATAGTGTTTAAGTACAAGGGAATGGTGTCGGTGCCCATAAAATTGGGAATCCTCCATACCCACTATTCCACTAAACACGTTAGGTTTATAAATCCATA	13	0	13
Am-ATC-2	Other sequences	9	0	9
