Arm01	TGTGTGTCTATATATCCATACATACATACATACATACATACATACATACATACATACATACATACATACATACACATGTATATATAT	13	0	13
Arm01	TGTGTGTCTATATATCCATACATACATACATACATACATACATACATACATACATACATACATACATACATACATACACATGTATATATAT	9	0	9
Arm02	AATGGAGGGCCCACTGTACCGCTCATTGATAATTCATTTGGTTGTGCAACAAATGAGCCAGCACAACTTTCTGTTAAACCTACATACATACATACATACATACATACATACATACATACATACACAAAGTTACAAACAACTAACTACTAAT	725	0	725
Arm02	Other sequences	116	0	116
Arm03	Other sequences	1	0	1
Arm04	AGTTGTGAGTTAAATCAATCAAAAACCAAAAATACAGATGAAGTGAATCGTTTAATTGATACTATCGAATGGATTAGAATAGTCGGATGCTTGAATCATGACACAATGATTCAGTCATACATACATACATACATACATACATACATACATACATACATACATACATACATACATACACT	73	0	73
Arm04	Other sequences	31	0	31
Arm05	ATTATTCGAACTGAATTCAACAAACAAACAAACAAACAAACAAACATACCAAGGTAAAATACCACTTGAACTACTAGGGTTTGGGGAGAGTGAGATGAGGGCAAACCTTACCTCTATCTCATGGGATAAAGAGACTGCTC	802	0	802
Arm05	ATTATTCGAACTGAATTCAACAAACAAACAAACAAACAAACATACCTAGGTAAAATACCACTTGAACTACTAGGGTTTGGGGAGAGTGAGATGAGGGCAAACCTTACCTCTATCTCATGGGATAAAAAGACTGCTC	636	0	636
Arm06	Other sequences	1	0	1
Arm07	No data	0	0	0
Arm08	Other sequences	2	0	2
Arm09	AATAGGTTCTTATTTATGTATGTATGTATGTATGTATGTATGTGGTGAATGTACAAGGAAAAACAAGCTTAGTAAGGACAACGAATTATATCAGATCATACAAGTTCTTCCAATATCATGTTCTTTTAAGTCTATTTCGACAGAAAACCAAAAAATGTTTTTCTCCTCATGGCTTTGTTTCTACTT	4	0	4
Arm10	ACGCCCAAAAGGTTCTTGCTACTTGCACTATATCACATTATATGTGCGTGTACATACATACATACATACATACATAGTGTAGATTT	606	0	606
Arm10	Other sequences	44	0	44
Arm11	ATATGTTGTGACTGGTGTGTGTGTGTGTGTGTGTGAACTGATGGGTGATCATTTGGTGTCAACTTCACAGATGACTGAAAGATTCCAAGAAGGAAAATCTGCAGGATTGGAA	751	0	751
Arm11	ATATGTTGTGACTGGTGTGTGTGTGTGTGTGTGAACTGATGGGTGATCATTTGGTGTCAACTTCACAGATGACTGAAAGATTCCAAGAAGGAAAATCTGCAGGATTGGAA	199	0	199
Armo01	TTGCTTCTTCTCTTTATAGATGTCTACACAGAGAGAGAGAGAGAGAGAGAGCTAGTAGGAGGTGAACCCAAAATGGTAACCCGCGTTTTAA	64	0	64
Armo01	TTGCTTCTTCTCTTTATAGATGTCTACACAGAGAGAGAGAGAGAGAGCTAGTAGGAGGTGAACCCAAAATGGTAACCCGCGTTTTAA	32	0	32
Armo02	No data	0	0	0
Armo03	AAGCCTGGTACACCTCCTCCAGGTCCAGGTCCAGGTCCAGGTCCAGGTCTCCAGGTCCATGGCTCGACAGGTATGGAACCCATGTGGGCTTTTCTGATTCCGGTTATGGTTCAGGTTGGGTTCTTAAATTGACTGTTTTGACTGCAGGTTGAAGAAGGTGGATGGC	5	0	5
Armo03	Other sequences	1	0	1
Am-AG-1	ACTTTAGTTTCTTTGGATCAGGAGCAAAAGTAAACCCTAGATGAATATGTAAGGAGGATCACAAGAAGCAGAAGCACAATTATATGCACCAAAAAGAGGAATAGTTAAAGTATGTTTAAAGGAAGGGGAAAGAGAGAGAGAGATTATGTGAATGGGAGGAAATTTG	2216	1	2215
Am-AG-1	Other sequences	277	0	277
Am-AG-10	CCAAATGAAACAATCGGAAATCCTAAACAGAGAGAAAAAGGCATAAATTTATAGAGAGAGAGAGAGAGAGATGAACAGA	691	0	691
Am-AG-10	CCAAATGAAACAATCGGAAATCCTAAACAGAGAGAAAAAGGCATAAATTTATAGAGAGAGAGAGAGAGAGAGAGAGAGATGAACAGA	645	0	645
Am-AG-4B	TTTGAAGGTTTTTCTTCGAGAGCAAGAGAGAGAGAGAGAGAGAGAGTATCGAGCGCGCGTGTGTCAAATAAGGACAAAAATTGACTTTATATGAAAATTTGACCAAAAACAAGAAAAATGGCTAAGTATAGAA	908	0	908
Am-AG-4B	TTTGAAGGTTTTTCTTCGAGAGCAAGAGAGAGAGAGAGAGAGAGTATCGAGCGCGCGTGTGTCAAATAAGGACAAAAATTGACTTTATATGAAAATTTGACCAAAAACAAGAAAAATGGCTAAGTATAGAA	640	0	640
Am-AG-11	TCACCCTAGGATTAACCTAATAAATTTTCAGACATTTGAGATGCAGCGTTGCTTAAATATATCTTCTCTCTTCCATCACGGAGAAAATTTCTATGAATATACAGTGAATCGGAGAGAGAGAGAGAGATGGAGGGATGGCAATAGCGAAAGTGTGTACCGTACAGGAGAGAGA	2267	1	2266
Am-AG-11	TCACCCTAGGATTAACCTAATAAATTTTCAGACATTTGAGATGCAGCGTTGCTTAAATATATCTTCTCTCTTCCATCACGGAGAAAATTTCTATGAATATACAGTGAATCGGAGAGAGAGAGAGATGGAGGGATGGCAATAGCGAAAGTGTGTACCGTACAGGAGAGAGA	357	0	357
Am-CT-5	Other sequences	1	0	1
Am-ATC-3	CTTGCTACTATATATTGGAGAAAGCATTTTCGCTGCAACTTTTTTTCATCTATCATCTATCATCATCATCATCATCATCATCTGTTACCAGGCAAAAGCTGATGAAATTGCAAAGCTGATGCATGA	725	0	725
Am-ATC-3	CTTGCTACTATATATTGGAGAAAGCATTTTCGCTGCAACTTTTTTTCATCTATCATCTATCATCATCATCATCATCATCATCATCATCATCATCTGTTACCAGGCAAAAGCTGATGAAATTGCAAAGCTGATGCATGA	559	0	559
Am-CT-2	GTTACAATCAAGAAGATGACTACAGAAGTCAAACGCAGCCCAAAGAATCTGAAATGCTTCAACTTTGACAGCTCCATTTCATTTCAGACAATCAAAAAATTCAATCAATTTGAACAAAATTCAGGCATTTCATGTACTCAAACTCTCTCTCTCTCTCTCTCTCTCTCTTCACACAAAATAAGAATTTATTGTGGAATTTGGATGCATATCCCGTGACGAAATAAGAAA	488	0	488
Am-CT-2	Other sequences	314	0	314
Am-AG-2B	TGGCCTATATTCAACATCTAATTATTTATTCAACATCTAATAGTCGCTTTGAAAACAATGAGAAGAGAGAGAGAGAGAGTAGCGTATTTGATACGCAAGCACAACACATGTGTCGAAATATCATTTACACCCATTATGAACAGTGCCTAA	679	0	679
Am-AG-2B	TGGCCTATATTCAACATCTAATTATTTATTCAACATCTAATAGTCGCTTTGAAAACAATGAGAAGAGAGAGAGAGAGAGAGTAGCGTATTTGATACGCAAGCACAACACATGTGTCGAAATATCATTTACACCCATTATGAACAGTGCCTAA	456	0	456
Am-ATC-2	AACCTACAATATCATCATCATCATCATCATCATCATCATCATAAAATGCAGCAGAGTCAGAAATAAGGAGTGTTTCGTTTGAGGGTATGGATTTTATAGTGTTTAAGTACAAGGGAATGGTGTCGGTGCCCATAAAATTGGGAATCCTCCATACCCACTATTCCACTAAACACGTTAGGTTTATAAATCCATA	1347	0	1347
Am-ATC-2	Other sequences	240	0	240
