Arm01	Other sequences	4	0	4
Arm02	AATGGAGGGCCCACTGTACCGCTCATTGATAATTCATTTGGTTGTGCAACAAATGAGCCAGCACAACTTTCTGTTAAACCTACATACATACATACATACATACATACATACATACATACACAAAGTTACAAACAACTAACTACTAAT	377	0	377
Arm02	Other sequences	71	0	71
Arm03	TTTTCTCTTTCCAATCGTTCAACGCAAACAAATTACAGGTAGAAACAAAAACCCTAATTCTCCATCATCATCATCATCGTTCTCGCATTTACATACATACATACATACATACATACACATATATAATTACA	110	0	110
Arm03	Other sequences	19	0	19
Arm04	No data	0	0	0
Arm05	ATTATTCGAACTGAATTCAACAAACAAACAAACAAACAAACAAACATACCTAGGTAAAATACCACTTGAACTACTAGGGTTTGTGGAGAGTGAGATGAGGGCAAACCTTACCTCTATCTCATGGGATAAAGAGACTGCTC	325	0	325
Arm05	Other sequences	44	0	44
Arm06	CCTTATTGCTAGTTCTCATGTTCCCCATACAGGTACGATGGCATACATACATACATACATACATACATTTTAATATATGTAAAGTTCATTTAGAAAATGTTCTATCTTTTGGAAACAGACACTGGTTATCAGTAATATGCAAAGAAT	63	0	63
Arm06	Other sequences	10	0	10
Arm07	No data	0	0	0
Arm08	No data	0	0	0
Arm09	AATAGGTTCTTATTTATGTATGTATGTATGTATGTATGTGGTGAATGTACAAGGAAAAACAAGCTTAGTAAGGACAACGAATTATATCAGATCATACAAGTTCTTCCAATATCATGTTCTTTTAAGTCTATTTCGACAGAAAACCAAAAAATGTTTTTCTCCTCATGGCTTTGTTTCTACTT	25	0	25
Arm09	AATAGGTTCTTATTTATGTATGTATGTATGTATGTATGTATGTGGTGAATGTACAAGGAAAAACAAGCTTAGTAAGGACAACGAATTATATCAGATCATACAAGTTCTTCCAATATCATGTTCTTTTAAGTCTATTTCGACAGAAAACCAAAAAATGTTTTTCTCCTCATGGCTTTGTTTCTACTT	20	0	20
Arm10	ACGCCCAAAAGGTTCTTGCTACTTGCACTATATCACATTATATGTGCGTGTACATACATACATACATATATACATAGTGTAGATTT	3255	0	3255
Arm10	Other sequences	134	0	134
Arm11	No data	0	0	0
Armo01	TTGCTTCTTCTCTTTATAGATGTCTACACAGAGAGAGAGAGAGAGAGCTAGTAGGAGGTGAACCCAAAATGGTAACCCGCGTTTTAA	232	0	232
Armo01	TTGCTTCTTCTCTTTATAGATGTCTACACAGAGAGAGAGAGAGAGCTAGTAGGAGGTGAACCCAAAATGGTAACCCGCGTTTTAA	39	0	39
Armo02	Other sequences	1	0	1
Armo03	AAGCCTGGTACACCTCCTCCAGGTCCAGGTCCAGGTCCAGGTCCAGGTCTCCAGGTCCATGGCTCGACAGGTATGGAACCCATGTGGGCTTTTCTGATTCCGGTTATGGTTCAGGTTGGGTTCTTAAATTGACTGTTTTGACTGCAGGTTGAAGAAGGTGGATGGC	377	0	377
Armo03	Other sequences	76	0	76
Am-AG-1	ACTTTAGTTTCTTTGGATCAGGAGCAAAAGTAAACCCTAGATGAATATGTAAGGAGGATCACAAGAAGCAGAAGCACAATTATATGCACCAAAAAGAGGAATAGTTAAAGTATGTTTAAAGGAAGGGGAGAGAGAGAGAGATTATGTGAATGGGAGGAAATTTG	14	0	14
Am-AG-1	Other sequences	8	0	8
Am-AG-10	No data	0	0	0
Am-AG-4B	TTTGAAGGTTTTTCTTCGAGAGCAAGAGAGAGAGAGAGAGTATCGAGCGCGCGTGTGTCAAATAAGGACAAAAATTGACTTTATATGAAAATTTGACCAAAAACAAGAAAAATGGCTAAGTATAGAA	12	0	12
Am-AG-4B	Other sequences	4	0	4
Am-AG-11	Other sequences	4	0	4
Am-CT-5	No data	0	0	0
Am-ATC-3	CTTGCTTCTATATATTGGAGAAAACATTTTCGATGCAACTTTTTTTCATCTATCATCTATCATCATCATCATCATCATCATCATCATCTGTTACCAGGCAAAAGCTGATGAAATTGCAAAGCTGATGCATGA	255	1	254
Am-ATC-3	CTTGCTTCTATATATTGGAGAAAACATTTTCGATGCAACTTTTTTTCATCTATCATCTATCATCTATCATCATCATCATCATCATCATCATCATCATCATCTGTTACCAGGCAAAAGCTGATGAAATTGCAAAGCTGATGCATGA	240	0	240
Am-CT-2	GTTACAATCAAGAAGATGACTACAGAAGTCAAACGCAGCCCAAAGAATCTGAAATGCTTCAACTTTGACAGCTCCATTTCATTTCAGACAATCAAAAAATTCAATCAATTTGAACAAAATTCAGGCATTTCATGTACTCAAACTCTCTCTCTCTCTCTCTCTTCACACAAAATAAGAATTTATTGTGGAATTTGGATGCATATCCCGTGACGAAATAAGAAA	444	0	444
Am-CT-2	Other sequences	144	0	144
Am-AG-2B	Other sequences	4	0	4
Am-AG-2B	TGGCCTATATTCAACATCTAATTATTTATTCAACATCTAATAGTCGCTTTGAAAACAATGAGAAGAGAGAGAGAGAGAGAGAGTAGCGTATTTGATACGCAAGCACAACACATGTGTCGAAATATCATTTGCACCCATTATGAACAGTGCCTAA	3	0	3
Am-ATC-2	No data	0	0	0
