Arm01	TGTGTGTCTATATATCCATACATACATACATACATACATACATACATACATACATACATACATACATACATACACATGTATATATAT	138	138	0
Arm01	Other sequences	11	11	0
Arm02	AATGGAGGGCCCACTGTACCGCTCATTGATAATTCATTTGGTTGTGCAACAAATGAGCCAGCACAACTTTCTGTTAAACCTACATACATACATACATACATACATACATACATACATACATACATACATACATACATACACAAAGTTACAAACAACTAACTACTAAT	93	93	0
Arm02	AATGGAGGGCCCACTGTACCGCTCATTGATAATTCATTTGGTTGTGCAACAAATGAGCCAGCACAACTTTCTGTTAAACCTACATACATACATACATACATACATACATACATACATACATACATACATACATACATACATACACAAAGTTACAAACAACTAACTACTAAT	74	74	0
Arm03	TTTTCTCTTTCCAATCGTTCAACGCAAACAAATTACAGGTAGAAACAAAAACCCTAATTCTCCATCATCATCATCATCGTTCTCGCATTTACATACATACATACATACATACATACACATATATAATTACA	18	18	0
Arm03	TTTTCTCTTTCCAATCGTTCAACGCAAACAAATTACAGGTAGAAACAAAAACCCTAATTCTCCATCATCATCATCATCGTTCTCGCATTTACATACATACATACATACATACATACACATATATATTTACA	16	16	0
Arm04	AGTTGTGAGTTAAATCAATCAAAAACCAAAAATACAGATGAAGTGAATCGTTTAATTGATACTATCGAATGGATTAGAATAGTCGGATGCTTGAATCATGACACAATGATTCAGTCATACATACATACATACATACATACATACATACATACATACATACATACATACATACACT	134	134	0
Arm04	AGTTGTGAGTTAAATCAATCAAAAACCAAAAATACAGATGAAGTGAATCGTTTAATTGATACTATCGAATGGATTAGAATAGTCGGATGCTTGAATCATGACACAATGATTCAGTCATACATACATACATACATACATACATACATACATACATACATACATACATACATACATACACT	77	77	0
Arm05	ATTATTCGAACTGAATTCAACAAACAAACAAACAAACAAACAAACATACCTAGGTAAAATACCACTTGAACTACTAGGGTTTGGGGAGAGTGAGATGAGGGCAAACCTTACCTCTATCTCATGGGATAAAGAGACTGCTC	29	29	0
Arm05	ATTATTCGAACTGAATTCAACAAACAAACAAACAAACAAACAAACAAACATACCTAGGTAAAATACCACTTGAACTACTAGGGTTTGGGGAGAGTGAGATGAGGGCAAACCTTACCTCTATCTTATGGGATAAAGAGACTGCTC	19	19	0
Arm06	CCTTATTGCTAGTTCTCATGTTCCCCATACAGGTACGATGACATACATACATACATACATACATACATACATTTTAATATATGTAAAGTTCATTTAGAAAATGTTCTATCTTTTGGAAACAGACACTGGTTATCAGTAATATGCAAAGAAT	9	9	0
Arm06	CCTTATTGCTAGTTCTCATGTTCCCCATACAGGTACGATGACATACATACATACATACATACATACATACATACATACATACATACATACATACATACATACATACATACATACATATATGTAAAGTTCATATAGAAAATGTTCTATCTTTTGGAAACAGACACTGGTTATCAGTAATATGCAAAGAAT	9	9	0
Arm07	No data	0	0	0
Arm08	CATGGCTGCCACACCCACTTCTTAAACCATCATCATTTTCATGTTGTATGTATGTATGTATGTATGTATGATTGATGATGCATGAGATA	258	258	0
Arm08	CATGGCTGCCACACCCACTTCTTAAACCATCATCATTTTCTTGTTGTATGTATGTATGTATGTATGTATGTATGTATGTATGTATGTATGTATGATTGATGATGCATGAGATA	37	37	0
Arm09	AATAGGTTCTTATTTATGTATGTATGTATGTATGTATGTATGTATGTATGTATGTGGTGAATGTACAAGGAAAAACAAGCTTAGTAAGGACAACGAATTATATCAGATCATACAAGTTCTTCCAATATCATGTTCTTTTAAGTCTATTTCGACAGAAAACCAAAAAATGTTTTTCTCCTCATGGCTTTGTTTCTACTT	11	11	0
Arm09	Other sequences	2	2	0
Arm10	ACGCCCAAAAGGTTCTTGCTACTTGCACTATATCACATTATATGTGCGTGTACATACATACATACATATATACATAGTGTAGATTT	1210	1210	0
Arm10	Other sequences	92	92	0
Arm11	ATATGTTGTGACTGGTGTGTGTGTGTGTGTGTGAACTGATGGGTGATCATTTGGTGTCAACTTCACAGATGACTGAAAGATTCCAAGAAGGAAAATCTGCAGGATTGGAA	121	121	0
Arm11	ATATGTTGTGACTGGTGTGTGTGTGTGTGTGTGAACTGATGGTTGATCATTTGGTGTCAACTTCACAGATGACTGAAAGATTCCAAGAAGGAAAATCTGCAGGATTGGAA	117	117	0
Armo01	TTGCTTCTTCTCTTTATAGATGTCTACACAGAGAGAGAGAGAGAGAGCTAGTAGGAGGTGAACCCAAAATGGTAACCCGCGTTTTAA	10	10	0
Armo01	TTGCTTCTTCTCTTTATAGATGTCTACACAGAGAGAGAGAGAGAGCTAGTAGGAGGTGAACCCAAAATGGTAACCCGCGTTTTAA	5	5	0
Armo02	No data	0	0	0
Armo03	AAGCCTGGTACACCTCCTCCAGGTCCAGGTCCAGGTCCAGGTCCAGGTCTCCAGGTCCATGGCTCGACAGGTATGGAACCCATGTGGGCTTTTCTGATTCCGGTTATGGTTCAGGTTGGGTTCTTAAATTGACTGTTTTGACTGCAGGTTGAAGAAGGTGGATGGC	43	43	0
Armo03	CAAGCCTGGTACACCTCCTCCAGGTCCAGGTCCAGGTCCAGGTCTCCAGGTCCATGGCTCGACAGGTATGGAACCCATGTGGGCTTTTCTGATTCCGGTTATGGTTCAGGTTGGGTTCTTAAATTGACTGTTTTGACTGCAGGTTGAAGAAGGTGGATGGC	30	30	0
Am-AG-1	ACTTTAGTTTCTTTGGATCAGGAGCAAAAGTAAACCCTAGATGAATATGTAAGGAGGATCACAAGAAGCAGAAGCACAATTATATGCACCAAAAAGAGGAATAGTTAAAGTATGTTTAAAGGAAGGGGAGAGAGAGAGAGATTATGTGAATGGGAGGAAATTTG	654	654	0
Am-AG-1	Other sequences	69	69	0
Am-AG-10	CCAAATGAAACAATTGGAAATCCTAAACAGAGAGAAATCTAGAGAGAGAAAAAGGCATAAATTTATAGAGAGAGAGAGAGAGAGAGATGAACAGA	279	279	0
Am-AG-10	Other sequences	36	36	0
Am-AG-4B	TTTGAAGGTTTTTCTTCGAGAGCAAGAGAGAGAGAGAGAGAGAGAGAGTATCGAGCGCGCGTGTGTCAAATAAGGACAAAAATTGACTTTATATGAAAATTTGACCAAAAACAAGAAAAATGGCTAAGTATAGAA	13	13	0
Am-AG-4B	TTTGAAGGTTTTTCTTCGAGAGCAAGAGAGAGAGAGAGAGAGTATCGAGCGCGCGTGTGTCAAATAAGGACAAAAATTGACTTTATATGAAAATTTGACCAAAAACAAGAAAAATGGCTAAGTATAGAA	5	5	0
Am-AG-11	TCACCCTAGGATTAACCTAATAAATTTTCAGACATTTGAGATGCAGCGTTGCTTAAATATATCTTCTCTCTTCCATCACGGAGAAAATTTCTATGAATATACAGTGAATCGGAGAGAGAGAGAGAGAAAGATGGAGGGATGGCAATAGCGAAAGTGTGTACCGTACAGGAGAGAGAGAGAGAGA	5	5	0
Am-AG-11	Other sequences	1	1	0
Am-CT-5	TCATAATTGCTTCCCTTTATATCTCTATCTCTCTCTCTCATACAACGCCACCGCCCACGGTCATTATTACTTTCCATTGTCTTCTTC	385	385	0
Am-CT-5	TCATAATTGCTTCCCTTTATCTCTCTCTCTCTCTCTCTCATACAAACGCCACCGCCCTCGGTCATTATTACTTTCCATTGTCTTCTTC	280	280	0
Am-ATC-3	CTTGCTTCTATATATTGGAGAAAACATTTTCGATGCAACTTTTTTTCATCTATCATCTATCATCATCATCATCATCATCATCATCATCATCTGTTACCAGGCAAAAGCTGATGAAATTGCAAAGCTGATGCATGA	274	274	0
Am-ATC-3	CTTGCTTCTATATATTGGAGAAAACATTTTCGATGCAACTTTTTTTCATCTATCATCTATCATCATCATCATCATCATCATCATCATCATCATCTGTTACCAGGCAAAAGCTGATGAAATTGCAAAGCTGATGCATGA	259	259	0
Am-CT-2	GTTACAATCAAGAAGATGACTACAGAAGTCAAACGCAGCCCAAAGAATCTGAAATGCTTCAACTTTGACAGCTCCATTTCATTTCAGACAATCAAAAAATTCAATCAATTTGAACAAAATTCAGGCATTTCATGTACTCAAACTCTCTCTCTCTCTCTCTCTTCACACAAAATAAGAATTTATTGTGGAATTTGGATGCATATCCCGTGACGAAATAAGAAA	364	364	0
Am-CT-2	Other sequences	81	81	0
Am-AG-2B	TGGCCTATATTCAACATCTAATTATTTATTCAACATCTAATAGTCGCTTTGAAAACAATGAGAAGAGAGAGAGAGAGAGAGTAGCGTATTTGATACGCAAGCACAACACATGTGTCGAAATATCATTTGCACCCATTATGAACAGTGCCTAA	9	9	0
Am-AG-2B	TGGCCTATATTCAACATCTAATTATTTATTCAACATCTAATAGTCGCTTTGAAAACAATGAGAAGAGAGAGAGAGAGAGTAGCGTATTTGATACGCAAGCACAACACATGTGTCGAAATATCATTTGCACCCATTATGAACAGTGCCTAA	5	5	0
Am-ATC-2	AACCTACAATATCATCATCATCATCATCATCATCATCATCATCATCATAAAATGCAGCAGAGTCAGAAATAAGGAGTGTTTCGTTTGAGGGTATGGATTTTATAGTGTTTAAGTACAAGGGAATGGTGTCGGTGCCCATAAAATTGGGAATCCTCCATACCCACTATTCCACTAAACACGTTAGGTTTATAAATCCATA	10	10	0
Am-ATC-2	AACCTACAATATCATCATCATCATCATCATCATCATCATCATCATCATCATAAAATGCAGCAGAGTCAGAAATAAGGAGTGTTTCGTTTGAGGGTATGGATTTTATAGTGTTTAAGTACAAGGGAATGGTGTCGGTGCCCATAAAATTGGGAATCCTCCATACCCACTATTCCACTAAACACGTTAGGTTTATAAATCCATA	9	9	0
